Gene,Batch,FbID,Condition,Count,Z
CG8075,3,FBgn0015838,Day 1,86,0.9137461338559638
CG8075,3,FBgn0015838,Day 2 ,96,1.2918028058869955
CG8075,3,FBgn0015838,Day 3,33,0.0
CG8075,3,FBgn0015838,Day 4 ,14,-0.035734232259104826
CG8075,3,FBgn0015838,Day 5,31,-0.24373333911071626
CG8075,3,FBgn0015838,Sum,260,1.4460839406633683
CG9374,3,FBgn0038167,Day 1,152,6.4977502851979665
CG9374,3,FBgn0038167,Day 2 ,60,0.3269708346850902
CG9374,3,FBgn0038167,Day 3,40,0.35377908700348826
CG9374,3,FBgn0038167,Day 4 ,42,2.4656620258782307
CG9374,3,FBgn0038167,Day 5,10,-1.94986671288573
CG9374,3,FBgn0038167,Sum,304,2.590466915289056
OR,3,Control,Day 1,53,-1.8782559418150375
OR,3,Control,Day 2 ,54,0.16616550615143932
OR,3,Control,Day 3,21,-0.6064784348631227
OR,3,Control,Day 4 ,29,1.3042994774573249
OR,3,Control,Day 5,18,-1.29991114192382
OR,3,Control,Sum,175,-0.7646558966817094
OR,3,Control,Day 1,8,-5.685531499548221
OR,3,Control,Day 2 ,54,0.16616550615143932
OR,3,Control,Day 3,10,-1.1624170001543186
OR,3,Control,Day 4 ,43,2.5549976065259927
OR,3,Control,Day 5,5,-2.356088944736924
OR,3,Control,Sum,120,-2.1951346149638185
OR,3,Control,Day 1,32,-3.6549845354238566
OR,3,Control,Day 2 ,39,-0.2358478151826879
OR,3,Control,Day 3,30,-0.15161960871578067
OR,3,Control,Day 4 ,12,-0.2144053935546288
OR,3,Control,Day 5,8,-2.1123556056262074
OR,3,Control,Sum,121,-2.169125910995053
OR,3,Control,Day 1,53,-1.8782559418150375
OR,3,Control,Day 2 ,41,-0.18224603900480427
OR,3,Control,Day 3,19,-0.7075581740069765
OR,3,Control,Day 4 ,15,0.053601348388657155
OR,3,Control,Day 5,18,-1.29991114192382
OR,3,Control,Sum,146,-1.5189083117759123
Tj>HpoRNAi,3,Control,Day 1,94,1.5905951218974186
Tj>HpoRNAi,3,Control,Day 2 ,82,0.9165903726418102
Tj>HpoRNAi,3,Control,Day 3,19,-0.7075581740069765
Tj>HpoRNAi,3,Control,Day 4 ,19,0.4109436709797051
Tj>HpoRNAi,3,Control,Day 5,24,-0.8124444637023875
Tj>HpoRNAi,3,Control,Sum,238,0.8738924533505248
Tj>HpoRNAi,3,Control,Day 1,77,0.1522910223093271
Tj>HpoRNAi,3,Control,Day 2 ,20,-0.7450646888725824
Tj>HpoRNAi,3,Control,Day 3,13,-1.010797391438538
Tj>HpoRNAi,3,Control,Day 4 ,4,-0.9290900387367246
Tj>HpoRNAi,3,Control,Day 5,49,1.2186666955535812
Tj>HpoRNAi,3,Control,Sum,163,-1.076760344306897
Tj>HpoRNAi,3,Control,Day 1,62,-1.1168008302684007
Tj>HpoRNAi,3,Control,Day 2 ,46,-0.04824159856009519
Tj>HpoRNAi,3,Control,Day 3,33,0.0
Tj>HpoRNAi,3,Control,Day 4 ,1,-1.1970967806800106
Tj>HpoRNAi,3,Control,Day 5,45,0.8936889100726263
Tj>HpoRNAi,3,Control,Sum,187,-0.45255144905652195
Tj>HpoRNAi,3,Control,Day 1,71,-0.355345718721764
Tj>HpoRNAi,3,Control,Day 2 ,3,-1.2006797863845933
Tj>HpoRNAi,3,Control,Day 3,64,1.5667359567297336
Tj>HpoRNAi,3,Control,Day 4 ,22,0.678950412922991
Tj>HpoRNAi,3,Control,Day 5,22,-0.974933356442865
Tj>HpoRNAi,3,Control,Sum,182,-0.5825949689003501
Tj>HpoRNAi,3,Control,Day 1,72,-0.2707395952165822
Tj>HpoRNAi,3,Control,Day 2 ,88,1.0773957011754611
Tj>HpoRNAi,3,Control,Day 3,36,0.15161960871578067
Tj>HpoRNAi,3,Control,Day 4 ,26,1.036292735514039
Tj>HpoRNAi,3,Control,Day 5,30,-0.324977785480955
Tj>HpoRNAi,3,Control,Sum,252,1.2380143089132434
"Tj>HpoRNAi,Bab1RNAi",3,Control,Day 1,32,-3.6549845354238566
"Tj>HpoRNAi,Bab1RNAi",3,Control,Day 2 ,47,-0.021440710471153375
"Tj>HpoRNAi,Bab1RNAi",3,Control,Day 3,2,-1.5667359567297336
"Tj>HpoRNAi,Bab1RNAi",3,Control,Day 4 ,26,1.036292735514039
"Tj>HpoRNAi,Bab1RNAi",3,Control,Day 5,40,0.4874666782214325
"Tj>HpoRNAi,Bab1RNAi",3,Control,Sum,147,-1.4928996078071468
"Tj>HpoRNAi,Bab2RNAi",3,Control,Day 1,121,3.8749604565373286
"Tj>HpoRNAi,Bab2RNAi",3,Control,Day 2 ,80,0.8629885964639266
"Tj>HpoRNAi,Bab2RNAi",3,Control,Day 3,17,-0.8086379131508303
"Tj>HpoRNAi,Bab2RNAi",3,Control,Day 4 ,12,-0.2144053935546288
"Tj>HpoRNAi,Bab2RNAi",3,Control,Day 5,4,-2.4373333911071624
"Tj>HpoRNAi,Bab2RNAi",3,Control,Sum,234,0.7698576374754622
"Tj>HpoRNAi,Hpo",3,Control,Day 1,0,-6.362380487589676
"Tj>HpoRNAi,Hpo",3,Control,Day 2 ,0,-1.2810824506514187
"Tj>HpoRNAi,Hpo",3,Control,Day 3,0,-1.6678156958735875
"Tj>HpoRNAi,Hpo",3,Control,Day 4 ,0,-1.2864323613277726
"Tj>HpoRNAi,Hpo",3,Control,Day 5,0,-2.7623111765881174
"Tj>HpoRNAi,Hpo",3,Control,Sum,0,-5.316179091215694
"Tj>HpoRNAi,HpoRNAi",3,Control,Day 1,90,1.2521706278766913
"Tj>HpoRNAi,HpoRNAi",3,Control,Day 2 ,72,0.648581491752392
"Tj>HpoRNAi,HpoRNAi",3,Control,Day 3,15,-0.909717652294684
"Tj>HpoRNAi,HpoRNAi",3,Control,Day 4 ,25,0.946957154866277
"Tj>HpoRNAi,HpoRNAi",3,Control,Day 5,59,2.031111159255969
"Tj>HpoRNAi,HpoRNAi",3,Control,Sum,261,1.472092644632134
"Tj>HpoRNAi,YkiRNAi",3,Control,Day 1,0,-6.362380487589676
"Tj>HpoRNAi,YkiRNAi",3,Control,Day 2 ,0,-1.2810824506514187
"Tj>HpoRNAi,YkiRNAi",3,Control,Day 3,0,-1.6678156958735875
"Tj>HpoRNAi,YkiRNAi",3,Control,Day 4 ,0,-1.2864323613277726
"Tj>HpoRNAi,YkiRNAi",3,Control,Day 5,1,-2.681066730217879
"Tj>HpoRNAi,YkiRNAi",3,Control,Sum,1,-5.290170387246928
CG6667,4,FBgn0260632,Day 1,43,-2.2282376399169572
CG6667,4,FBgn0260632,Day 2 ,91,2.7200543071819476
CG6667,4,FBgn0260632,Day 3,25,-1.2027695586485274
CG6667,4,FBgn0260632,Day 4 ,8,-1.3450603254694355
CG6667,4,FBgn0260632,Day 5,24,0.14963316238358346
CG6667,4,FBgn0260632,Sum,191,-1.1587701050298664
OR,4,Control,Day 1,47,-2.0327781978189785
OR,4,Control,Day 2 ,36,-1.1758568098755298
OR,4,Control,Day 3,28,-1.0223541248512482
OR,4,Control,Day 4 ,21,-0.25219881102551917
OR,4,Control,Day 5,20,-0.026405852185338332
OR,4,Control,Sum,152,-2.294248348652097
OR,4,Control,Day 1,50,-1.8861836162454944
OR,4,Control,Day 2 ,46,-0.46750933404689743
OR,4,Control,Day 3,9,-2.164985205567349
OR,4,Control,Day 4 ,18,-0.5043976220510383
OR,4,Control,Day 5,22,0.06161365509912257
OR,4,Control,Sum,145,-2.4980521359689076
OR,4,Control,Day 1,31,-2.814615966210893
OR,4,Control,Day 2 ,52,-0.042500848549718036
OR,4,Control,Day 3,19,-1.5636004262430856
OR,4,Control,Day 4 ,23,-0.08406627034183972
OR,4,Control,Day 5,16,-0.20244486675426013
OR,4,Control,Sum,141,-2.614511443007085
OR,4,Control,Day 1,56,-1.5929944530985263
OR,4,Control,Day 2 ,29,-1.6717000429555722
OR,4,Control,Day 3,31,-0.8419386910539691
OR,4,Control,Day 4 ,41,1.429126595811275
OR,4,Control,Day 5,18,-0.11442535946979923
OR,4,Control,Sum,175,-1.6246073331825763
Tj>HpoRNAi,4,Control,Day 1,122,1.6320863415181226
Tj>HpoRNAi,4,Control,Day 2 ,70,1.23252460794182
Tj>HpoRNAi,4,Control,Day 3,57,0.7216617351891165
Tj>HpoRNAi,4,Control,Day 4 ,30,0.5043976220510383
Tj>HpoRNAi,4,Control,Day 5,5,-0.686552156818795
Tj>HpoRNAi,4,Control,Sum,284,1.5489087836077602
Tj>HpoRNAi,4,Control,Day 1,74,-0.713426963657622
Tj>HpoRNAi,4,Control,Day 2 ,48,-0.32583983888117096
Tj>HpoRNAi,4,Control,Day 3,64,1.142631080716101
Tj>HpoRNAi,4,Control,Day 4 ,27,0.25219881102551917
Tj>HpoRNAi,4,Control,Day 5,7,-0.5985326495343342
Tj>HpoRNAi,4,Control,Sum,220,-0.31444012900307955
Tj>HpoRNAi,4,Control,Day 1,88,-0.02931891631469653
Tj>HpoRNAi,4,Control,Day 2 ,65,0.8783508700275039
Tj>HpoRNAi,4,Control,Day 3,21,-1.443323470378233
Tj>HpoRNAi,4,Control,Day 4 ,4,-1.6813254068367944
Tj>HpoRNAi,4,Control,Day 5,56,1.5579452789349577
Tj>HpoRNAi,4,Control,Sum,234,0.09316744563054166
Tj>HpoRNAi,4,Control,Day 1,70,-0.9088864057556008
Tj>HpoRNAi,4,Control,Day 2 ,39,-0.96335256712694
Tj>HpoRNAi,4,Control,Day 3,41,-0.24055391172970547
Tj>HpoRNAi,4,Control,Day 4 ,35,0.9247289737602369
Tj>HpoRNAi,4,Control,Day 5,4,-0.7305619104610255
Tj>HpoRNAi,4,Control,Sum,189,-1.2169997585489551
Tj>HpoRNAi,4,Control,Day 1,89,0.01954594420979815
Tj>HpoRNAi,4,Control,Day 2 ,41,-0.8216830719612136
Tj>HpoRNAi,4,Control,Day 3,42,-0.18041543379727912
Tj>HpoRNAi,4,Control,Day 4 ,24,0.0
Tj>HpoRNAi,4,Control,Day 5,31,0.4577014378791966
Tj>HpoRNAi,4,Control,Sum,227,-0.11063634168626894
"Tj>HpoRNAi,Bab1RNAi",4,Control,Day 1,80,-0.42023780051065396
"Tj>HpoRNAi,Bab1RNAi",4,Control,Day 2 ,86,2.365880569267632
"Tj>HpoRNAi,Bab1RNAi",4,Control,Day 3,39,-0.36083086759455824
"Tj>HpoRNAi,Bab1RNAi",4,Control,Day 4 ,13,-0.9247289737602369
"Tj>HpoRNAi,Bab1RNAi",4,Control,Day 5,21,0.017603901456892116
"Tj>HpoRNAi,Bab1RNAi",4,Control,Sum,239,0.23874157942826352
"Tj>HpoRNAi,Bab2RNAi",4,Control,Day 1,101,0.6059242705037343
"Tj>HpoRNAi,Bab2RNAi",4,Control,Day 2 ,57,0.3116728893645981
"Tj>HpoRNAi,Bab2RNAi",4,Control,Day 3,20,-1.5034619483106593
"Tj>HpoRNAi,Bab2RNAi",4,Control,Day 4 ,5,-1.5972591364949547
"Tj>HpoRNAi,Bab2RNAi",4,Control,Day 5,18,-0.11442535946979923
"Tj>HpoRNAi,Bab2RNAi",4,Control,Sum,201,-0.8676218374344227
"Tj>HpoRNAi,Hpo",4,Control,Day 1,0,-4.329426642470228
"Tj>HpoRNAi,Hpo",4,Control,Day 2 ,0,-3.7259077228586057
"Tj>HpoRNAi,Hpo",4,Control,Day 3,0,-2.7062315069591865
"Tj>HpoRNAi,Hpo",4,Control,Day 4 ,0,-2.0175904882041533
"Tj>HpoRNAi,Hpo",4,Control,Day 5,0,-0.9066009250299473
"Tj>HpoRNAi,Hpo",4,Control,Sum,0,-6.719702016102842
"Tj>HpoRNAi,HpoRNAi",4,Control,Day 1,85,-0.17591349788818056
"Tj>HpoRNAi,HpoRNAi",4,Control,Day 2 ,62,0.6658466272789142
"Tj>HpoRNAi,HpoRNAi",4,Control,Day 3,38,-0.42096934552698456
"Tj>HpoRNAi,HpoRNAi",4,Control,Day 4 ,11,-1.0928615144439164
"Tj>HpoRNAi,HpoRNAi",4,Control,Day 5,35,0.6337404524481184
"Tj>HpoRNAi,HpoRNAi",4,Control,Sum,231,0.005822965351908543
"Tj>HpoRNAi,Yki",4,Control,Day 1,0,-4.329426642470228
"Tj>HpoRNAi,Yki",4,Control,Day 2 ,0,-3.7259077228586057
"Tj>HpoRNAi,Yki",4,Control,Day 3,0,-2.7062315069591865
"Tj>HpoRNAi,Yki",4,Control,Day 4 ,0,-2.0175904882041533
"Tj>HpoRNAi,Yki",4,Control,Day 5,0,-0.9066009250299473
"Tj>HpoRNAi,Yki",4,Control,Sum,0,-6.719702016102842
"Tj>HpoRNAi,YkiRNAi",4,Control,Day 1,2,-4.231696921421239
"Tj>HpoRNAi,YkiRNAi",4,Control,Day 2 ,0,-3.7259077228586057
"Tj>HpoRNAi,YkiRNAi",4,Control,Day 3,0,-2.7062315069591865
"Tj>HpoRNAi,YkiRNAi",4,Control,Day 4 ,0,-2.0175904882041533
"Tj>HpoRNAi,YkiRNAi",4,Control,Day 5,0,-0.9066009250299473
"Tj>HpoRNAi,YkiRNAi",4,Control,Sum,2,-6.661472362583753
CG18361,5,FBgn0000499,Day 1,136,2.8417115234068606
CG18361,5,FBgn0000499,Day 2 ,17,-0.9604519186176974
CG18361,5,FBgn0000499,Day 3,65,0.5127898482854
CG18361,5,FBgn0000499,Day 4 ,24,-0.18411492357966466
CG18361,5,FBgn0000499,Day 5,25,0.15897003138509636
CG18361,5,FBgn0000499,Sum,267,2.1221546149586294
CG16738,5,FBgn0003430,Day 1,138,2.9088914648585593
CG16738,5,FBgn0003430,Day 2 ,53,0.2076652797011237
CG16738,5,FBgn0003430,Day 3,83,1.3835650623549471
CG16738,5,FBgn0003430,Day 4 ,39,0.7364596943186587
CG16738,5,FBgn0003430,Day 5,45,2.146095423698799
CG16738,5,FBgn0003430,Sum,358,5.1301930878750674
CG33336,5,FBgn0039044,Day 1,33,-0.6180554613556293
CG33336,5,FBgn0039044,Day 2 ,175,4.166284674003795
CG33336,5,FBgn0039044,Day 3,60,0.2709078443771925
CG33336,5,FBgn0039044,Day 4 ,27,0.0
CG33336,5,FBgn0039044,Day 5,49,2.5435205021615395
CG33336,5,FBgn0039044,Sum,344,4.667417938195615
CG42840,5,FBgn0262029,Day 1,0,-1.72652449530866
CG42840,5,FBgn0262029,Day 2 ,60,0.4347991793742278
CG42840,5,FBgn0262029,Day 3,9,-2.196288595486524
CG42840,5,FBgn0262029,Day 4 ,20,-0.42960148835255085
CG42840,5,FBgn0262029,Day 5,13,-1.0333052040031252
CG42840,5,FBgn0262029,Sum,102,-3.3319810776920544
OR,5,Control,Day 1,2,-1.6593445538569611
OR,5,Control,Day 2 ,35,-0.37639331945828686
OR,5,Control,Day 3,22,-1.5673953853251847
OR,5,Control,Day 4 ,18,-0.552344770738994
OR,5,Control,Day 5,21,-0.23845504707764417
OR,5,Control,Sum,98,-3.4642025490290407
OR,5,Control,Day 1,11,-1.3570348173243165
OR,5,Control,Day 2 ,34,-0.4088410194115874
OR,5,Control,Day 3,25,-1.42226618298026
OR,5,Control,Day 4 ,14,-0.7978313355118802
OR,5,Control,Day 5,19,-0.4371675863090145
OR,5,Control,Sum,103,-3.298925709857808
OR,5,Control,Day 1,61,0.32246371896815446
OR,5,Control,Day 2 ,48,0.04542677993462078
OR,5,Control,Day 3,36,-0.8901257743822036
OR,5,Control,Day 4 ,17,-0.6137164119322155
OR,5,Control,Day 5,12,-1.1326614736188103
OR,5,Control,Sum,174,-0.9519945936263016
Tj>HpoRNAi,5,Control,Day 1,24,-0.920365197888274
Tj>HpoRNAi,5,Control,Day 2 ,40,-0.2141548196917839
Tj>HpoRNAi,5,Control,Day 3,54,-0.019350560312656532
Tj>HpoRNAi,5,Control,Day 4 ,13,-0.8592029767051017
Tj>HpoRNAi,5,Control,Day 5,29,0.5563951098478369
Tj>HpoRNAi,5,Control,Sum,160,-1.4147697433057536
Tj>HpoRNAi,5,Control,Day 1,55,0.12092389461305796
Tj>HpoRNAi,5,Control,Day 2 ,45,-0.051916319925280986
Tj>HpoRNAi,5,Control,Day 3,41,-0.6482437704739961
Tj>HpoRNAi,5,Control,Day 4 ,27,0.0
Tj>HpoRNAi,5,Control,Day 5,24,0.05961376176941122
Tj>HpoRNAi,5,Control,Sum,192,-0.3569979726098633
Tj>HpoRNAi,5,Control,Day 1,60,0.28887374824230505
Tj>HpoRNAi,5,Control,Day 2 ,54,0.2401129796544243
Tj>HpoRNAi,5,Control,Day 3,28,-1.2771369806353357
Tj>HpoRNAi,5,Control,Day 4 ,31,0.24548656477288622
Tj>HpoRNAi,5,Control,Day 5,31,0.7551076490792071
Tj>HpoRNAi,5,Control,Sum,204,0.03966644140109551
Tj>HpoRNAi,5,Control,Day 1,23,-0.9539551686141234
Tj>HpoRNAi,5,Control,Day 2 ,90,1.4082301779732453
Tj>HpoRNAi,5,Control,Day 3,71,0.8030482529752491
Tj>HpoRNAi,5,Control,Day 4 ,52,1.5342910298305388
Tj>HpoRNAi,5,Control,Day 5,6,-1.7287990913129212
Tj>HpoRNAi,5,Control,Sum,242,1.2957704191024653
Tj>HpoRNAi,5,Control,Day 1,95,1.4645227236470346
Tj>HpoRNAi,5,Control,Day 2 ,4,-1.382272018010605
Tj>HpoRNAi,5,Control,Day 3,78,1.1416830584467397
Tj>HpoRNAi,5,Control,Day 4 ,12,-0.9205746178983233
Tj>HpoRNAi,5,Control,Day 5,27,0.35768257061646663
Tj>HpoRNAi,5,Control,Sum,216,0.43633085541205435
"Tj>HpoRNAi,Bab1RNAi",5,Control,Day 1,51,-0.01343598829033972
"Tj>HpoRNAi,Bab1RNAi",5,Control,Day 2 ,24,-0.7333180189445933
"Tj>HpoRNAi,Bab1RNAi",5,Control,Day 3,57,0.125778642032268
"Tj>HpoRNAi,Bab1RNAi",5,Control,Day 4 ,28,0.061371641193221554
"Tj>HpoRNAi,Bab1RNAi",5,Control,Day 5,26,0.2583263010007815
"Tj>HpoRNAi,Bab1RNAi",5,Control,Sum,186,-0.5553301796153427
"Tj>HpoRNAi,Bab2RNAi",5,Control,Day 1,112,2.035552225986475
"Tj>HpoRNAi,Bab2RNAi",5,Control,Day 2 ,26,-0.6684226190379922
"Tj>HpoRNAi,Bab2RNAi",5,Control,Day 3,26,-1.3738897821986187
"Tj>HpoRNAi,Bab2RNAi",5,Control,Day 4 ,42,0.9205746178983233
"Tj>HpoRNAi,Bab2RNAi",5,Control,Day 5,20,-0.3378113166933293
"Tj>HpoRNAi,Bab2RNAi",5,Control,Sum,226,0.76688453375452
"Tj>HpoRNAi,HpoRNAi",5,Control,Day 1,85,1.1286230163885405
"Tj>HpoRNAi,HpoRNAi",5,Control,Day 2 ,85,1.2459916782067424
"Tj>HpoRNAi,HpoRNAi",5,Control,Day 3,39,-0.7449965720372791
"Tj>HpoRNAi,HpoRNAi",5,Control,Day 4 ,18,-0.552344770738994
"Tj>HpoRNAi,HpoRNAi",5,Control,Day 5,27,0.35768257061646663
"Tj>HpoRNAi,HpoRNAi",5,Control,Sum,254,1.692434833113424
"Tj>HpoRNAi,Yki",5,Control,Day 1,0,-1.72652449530866
"Tj>HpoRNAi,Yki",5,Control,Day 2 ,0,-1.5120628178238074
"Tj>HpoRNAi,Yki",5,Control,Day 3,0,-2.6316762025212976
"Tj>HpoRNAi,Yki",5,Control,Day 4 ,0,-1.657034312216982
"Tj>HpoRNAi,Yki",5,Control,Day 5,0,-2.324936709007032
"Tj>HpoRNAi,Yki",5,Control,Sum,0,-6.7036285967852045
"Tj>HpoRNAi,YkiRNAi",5,Control,Day 1,0,-1.72652449530866
"Tj>HpoRNAi,YkiRNAi",5,Control,Day 2 ,0,-1.5120628178238074
"Tj>HpoRNAi,YkiRNAi",5,Control,Day 3,0,-2.6316762025212976
"Tj>HpoRNAi,YkiRNAi",5,Control,Day 4 ,0,-1.657034312216982
"Tj>HpoRNAi,YkiRNAi",5,Control,Day 5,0,-2.324936709007032
"Tj>HpoRNAi,YkiRNAi",5,Control,Sum,0,-6.7036285967852045
CG6033,6,FBgn0004638,Day 1,64,0.4600509078579394
CG6033,6,FBgn0004638,Day 2 ,44,-0.6512221884813116
CG6033,6,FBgn0004638,Day 3,11,-0.8270946201546931
CG6033,6,FBgn0004638,Day 4 ,3,-2.4919672931439147
CG6033,6,FBgn0004638,Day 5,1,-2.120347037546691
CG6033,6,FBgn0004638,Sum,123,-1.2002466958471878
CG15110,6,FBgn0027535,Day 1,77,0.9201018157158788
CG15110,6,FBgn0027535,Day 2 ,61,0.2003760579942497
CG15110,6,FBgn0027535,Day 3,46,1.5852646886298285
CG15110,6,FBgn0027535,Day 4 ,11,-0.7119906551839755
CG15110,6,FBgn0027535,Day 5,16,-0.5140235242537432
CG15110,6,FBgn0027535,Sum,211,1.2560721235610106
OR,6,Control,Day 1,44,-0.24771971961581352
OR,6,Control,Day 2 ,32,-1.2523503624640608
OR,6,Control,Day 3,5,-1.2406419302320397
OR,6,Control,Day 4 ,16,0.40049474354098646
OR,6,Control,Day 5,2,-2.013258803327161
OR,6,Control,Sum,99,-1.8701518284130603
OR,6,Control,Day 1,52,0.035388531373687644
OR,6,Control,Day 2 ,41,-0.8015042319769988
OR,6,Control,Day 3,27,0.27569820671823103
OR,6,Control,Day 4 ,3,-2.4919672931439147
OR,6,Control,Day 5,23,0.23559411528296556
OR,6,Control,Sum,146,-0.558254277138227
OR,6,Control,Day 1,84,1.1678215353316923
OR,6,Control,Day 2 ,45,-0.6011281739827492
OR,6,Control,Day 3,29,0.4135473100773466
OR,6,Control,Day 4 ,1,-2.9369614526338994
OR,6,Control,Day 5,9,-1.263641163790452
OR,6,Control,Sum,168,0.05582542771382269
OR,6,Control,Day 1,56,0.17694265686843821
OR,6,Control,Day 2 ,51,-0.3005640869913746
OR,6,Control,Day 3,1,-1.5163401369502707
OR,6,Control,Day 4 ,35,4.627939258695842
OR,6,Control,Day 5,1,-2.120347037546691
OR,6,Control,Sum,144,-0.6140797048520497
Tj>HpoRNAi,6,Control,Day 1,91,1.4155412549475057
Tj>HpoRNAi,6,Control,Day 2 ,47,-0.5009401449856243
Tj>HpoRNAi,6,Control,Day 3,27,0.27569820671823103
Tj>HpoRNAi,6,Control,Day 4 ,12,-0.4894935754389831
Tj>HpoRNAi,6,Control,Day 5,31,1.0922999890392042
Tj>HpoRNAi,6,Control,Sum,208,1.1723339819902765
Tj>HpoRNAi,6,Control,Day 1,42,-0.3184967823631888
Tj>HpoRNAi,6,Control,Day 2 ,71,0.701316202979874
Tj>HpoRNAi,6,Control,Day 3,27,0.27569820671823103
Tj>HpoRNAi,6,Control,Day 4 ,11,-0.7119906551839755
Tj>HpoRNAi,6,Control,Day 5,31,1.0922999890392042
Tj>HpoRNAi,6,Control,Sum,182,0.44660342171058154
Tj>HpoRNAi,6,Control,Day 1,68,0.60160503335269
Tj>HpoRNAi,6,Control,Day 2 ,40,-0.8515982464755613
Tj>HpoRNAi,6,Control,Day 3,16,-0.4824718617569043
Tj>HpoRNAi,6,Control,Day 4 ,12,-0.4894935754389831
Tj>HpoRNAi,6,Control,Day 5,13,-0.8352882269123327
Tj>HpoRNAi,6,Control,Sum,149,-0.4745161355674929
Tj>HpoRNAi,6,Control,Day 1,21,-1.0616559412106295
Tj>HpoRNAi,6,Control,Day 2 ,85,1.402632405959748
Tj>HpoRNAi,6,Control,Day 3,42,1.3095664819115975
Tj>HpoRNAi,6,Control,Day 4 ,14,-0.04449941594899832
Tj>HpoRNAi,6,Control,Day 5,15,-0.621111758473273
Tj>HpoRNAi,6,Control,Sum,177,0.30703985242602483
Tj>HpoRNAi,6,Control,Day 1,33,-0.6369935647263776
Tj>HpoRNAi,6,Control,Day 2 ,42,-0.7514102174784364
Tj>HpoRNAi,6,Control,Day 3,3,-1.3784910335911553
Tj>HpoRNAi,6,Control,Day 4 ,22,1.735477222010941
Tj>HpoRNAi,6,Control,Day 5,14,-0.7281999926928029
Tj>HpoRNAi,6,Control,Sum,114,-1.45146112055939
"Tj>HpoRNAi,Bab1RNAi",6,Control,Day 1,48,-0.10616559412106294
"Tj>HpoRNAi,Bab1RNAi",6,Control,Day 2 ,33,-1.2022563479654984
"Tj>HpoRNAi,Bab1RNAi",6,Control,Day 3,38,1.0338682751933663
"Tj>HpoRNAi,Bab1RNAi",6,Control,Day 4 ,26,2.6254655409909105
"Tj>HpoRNAi,Bab1RNAi",6,Control,Day 5,21,0.021417646843905888
"Tj>HpoRNAi,Bab1RNAi",6,Control,Sum,166,0.0
"Tj>HpoRNAi,Bab2RNAi",6,Control,Day 1,146,3.361910480500326
"Tj>HpoRNAi,Bab2RNAi",6,Control,Day 2 ,53,-0.2003760579942497
"Tj>HpoRNAi,Bab2RNAi",6,Control,Day 3,43,1.3784910335911553
"Tj>HpoRNAi,Bab2RNAi",6,Control,Day 4 ,19,1.0679859827759637
"Tj>HpoRNAi,Bab2RNAi",6,Control,Day 5,3,-1.906170569107631
"Tj>HpoRNAi,Bab2RNAi",6,Control,Sum,264,2.735445957977312
"Tj>HpoRNAi,HpoRNAi",6,Control,Day 1,135,2.972636635389762
"Tj>HpoRNAi,HpoRNAi",6,Control,Day 2 ,24,-1.65310247845256
"Tj>HpoRNAi,HpoRNAi",6,Control,Day 3,70,3.2394539289392146
"Tj>HpoRNAi,HpoRNAi",6,Control,Day 4 ,32,3.960448019460865
"Tj>HpoRNAi,HpoRNAi",6,Control,Day 5,5,-1.6919941006685715
"Tj>HpoRNAi,HpoRNAi",6,Control,Sum,266,2.7912713856911346
"Tj>HpoRNAi,YkiRNAi",6,Control,Day 1,0,-1.8048151000580699
"Tj>HpoRNAi,YkiRNAi",6,Control,Day 2 ,0,-2.8553588264180583
"Tj>HpoRNAi,YkiRNAi",6,Control,Day 3,0,-1.5852646886298285
"Tj>HpoRNAi,YkiRNAi",6,Control,Day 4 ,0,-3.159458532378892
"Tj>HpoRNAi,YkiRNAi",6,Control,Day 5,0,-2.2274352717662205
"Tj>HpoRNAi,YkiRNAi",6,Control,Sum,0,-4.633510500247284
CG11561,7,FBgn0003444,Day 1,14,-7.4747587485231834
CG11561,7,FBgn0003444,Day 2 ,7,-7.761963470867208
CG11561,7,FBgn0003444,Day 3,25,-0.23764696368049337
CG11561,7,FBgn0003444,Day 4 ,33,2.164829435887845
CG11561,7,FBgn0003444,Day 5,14,-0.14918635587405396
CG11561,7,FBgn0003444,Sum,93,-4.326372000179345
OR,7,Control,Day 1,47,-3.940847019278698
OR,7,Control,Day 2 ,24,-4.034466888812334
OR,7,Control,Day 3,29,0.19443842482949472
OR,7,Control,Day 4 ,2,-4.414554143771292
OR,7,Control,Day 5,22,0.8453893499529731
OR,7,Control,Sum,124,-2.9633889513423557
OR,7,Control,Day 1,106,2.377358799673563
OR,7,Control,Day 2 ,34,-1.8418218405447608
OR,7,Control,Day 3,12,-1.6419244763379548
OR,7,Control,Day 4 ,21,-0.3820287239802081
OR,7,Control,Day 5,7,-1.0194400984727026
OR,7,Control,Sum,180,-0.5012260244110218
OR,7,Control,Day 1,40,-4.690464658815407
OR,7,Control,Day 2 ,42,-0.0877058019307026
OR,7,Control,Day 3,17,-1.1018177407004697
OR,7,Control,Day 4 ,20,-0.5942669039692126
OR,7,Control,Day 5,13,-0.27350831910243234
OR,7,Control,Sum,132,-2.6116513903521654
Tj>HpoRNAi,7,Control,Day 1,88,0.44977058372202566
Tj>HpoRNAi,7,Control,Day 2 ,44,0.350823207722812
Tj>HpoRNAi,7,Control,Day 3,21,-0.6697323521904814
Tj>HpoRNAi,7,Control,Day 4 ,21,-0.3820287239802081
Tj>HpoRNAi,7,Control,Day 5,23,0.9697113131813515
Tj>HpoRNAi,7,Control,Sum,197,0.24621629269313314
Tj>HpoRNAi,7,Control,Day 1,82,-0.19275882159515342
Tj>HpoRNAi,7,Control,Day 2 ,40,-0.5262348115842171
Tj>HpoRNAi,7,Control,Day 3,31,0.41048111908448875
Tj>HpoRNAi,7,Control,Day 4 ,29,1.3158767159318272
Tj>HpoRNAi,7,Control,Day 5,16,0.0994575705827028
Tj>HpoRNAi,7,Control,Sum,198,0.29018348781690695
Tj>HpoRNAi,7,Control,Day 1,86,0.23559411528296598
Tj>HpoRNAi,7,Control,Day 2 ,36,-1.4032928308912462
Tj>HpoRNAi,7,Control,Day 3,28,0.08641707770199769
Tj>HpoRNAi,7,Control,Day 4 ,26,0.679162175964814
Tj>HpoRNAi,7,Control,Day 5,23,0.9697113131813515
Tj>HpoRNAi,7,Control,Sum,199,0.3341506829406808
Tj>HpoRNAi,7,Control,Day 1,94,1.0922999890392047
Tj>HpoRNAi,7,Control,Day 2 ,48,1.2278812270298411
Tj>HpoRNAi,7,Control,Day 3,40,1.382673243231962
Tj>HpoRNAi,7,Control,Day 4 ,21,-0.3820287239802081
Tj>HpoRNAi,7,Control,Day 5,8,-0.8951181352443243
Tj>HpoRNAi,7,Control,Sum,211,0.8617570244259667
Tj>HpoRNAi,7,Control,Day 1,69,-1.5849058664490414
Tj>HpoRNAi,7,Control,Day 2 ,44,0.350823207722812
Tj>HpoRNAi,7,Control,Day 3,16,-1.2098390878279666
Tj>HpoRNAi,7,Control,Day 4 ,17,-1.2309814439362257
Tj>HpoRNAi,7,Control,Day 5,6,-1.143762061701081
Tj>HpoRNAi,7,Control,Sum,152,-1.7323074878766889
"Tj>HpoRNAi,Bab1RNAi",7,Control,Day 1,97,1.4135646916977944
"Tj>HpoRNAi,Bab1RNAi",7,Control,Day 2 ,83,8.902138895966345
"Tj>HpoRNAi,Bab1RNAi",7,Control,Day 3,32,0.5185024662119858
"Tj>HpoRNAi,Bab1RNAi",7,Control,Day 4 ,28,1.1036385359428227
"Tj>HpoRNAi,Bab1RNAi",7,Control,Day 5,20,0.5967454234962163
"Tj>HpoRNAi,Bab1RNAi",7,Control,Sum,260,3.0161495854908837
"Tj>HpoRNAi,Hpo",7,Control,Day 1,0,-8.973994027596602
"Tj>HpoRNAi,Hpo",7,Control,Day 2 ,0,-9.296815004654508
"Tj>HpoRNAi,Hpo",7,Control,Day 3,0,-2.938180641867919
"Tj>HpoRNAi,Hpo",7,Control,Day 4 ,3,-4.202315963782287
"Tj>HpoRNAi,Hpo",7,Control,Day 5,1,-1.765371877842973
"Tj>HpoRNAi,Hpo",7,Control,Sum,4,-8.239452366195215
"Tj>HpoRNAi,HpoRNAi",7,Control,Day 1,95,1.1993882232587345
"Tj>HpoRNAi,HpoRNAi",7,Control,Day 2 ,3,-8.639021490174237
"Tj>HpoRNAi,HpoRNAi",7,Control,Day 3,2,-2.722137947612925
"Tj>HpoRNAi,HpoRNAi",7,Control,Day 4 ,49,5.5606403157119155
"Tj>HpoRNAi,HpoRNAi",7,Control,Day 5,26,1.3426772028664866
"Tj>HpoRNAi,HpoRNAi",7,Control,Sum,175,-0.721062000029891
"Tj>HpoRNAi,Yki",7,Control,Day 1,0,-8.973994027596602
"Tj>HpoRNAi,Yki",7,Control,Day 2 ,0,-9.296815004654508
"Tj>HpoRNAi,Yki",7,Control,Day 3,0,-2.938180641867919
"Tj>HpoRNAi,Yki",7,Control,Day 4 ,0,-4.839030503749301
"Tj>HpoRNAi,Yki",7,Control,Day 5,0,-1.8896938410713513
"Tj>HpoRNAi,Yki",7,Control,Sum,0,-8.41532114669031
"Tj>HpoRNAi,YkiRNAi",7,Control,Day 1,0,-8.973994027596602
"Tj>HpoRNAi,YkiRNAi",7,Control,Day 2 ,0,-9.296815004654508
"Tj>HpoRNAi,YkiRNAi",7,Control,Day 3,0,-2.938180641867919
"Tj>HpoRNAi,YkiRNAi",7,Control,Day 4 ,0,-4.839030503749301
"Tj>HpoRNAi,YkiRNAi",7,Control,Day 5,0,-1.8896938410713513
"Tj>HpoRNAi,YkiRNAi",7,Control,Sum,0,-8.41532114669031
CG16901,10,FBgn0263396,Day 1,178,2.46155810264209
CG16901,10,FBgn0263396,Day 2 ,96,2.9566036011560515
CG16901,10,FBgn0263396,Day 3,26,-0.6584880844609485
CG16901,10,FBgn0263396,Day 4 ,20,-1.488078153300689
CG16901,10,FBgn0263396,Day 5,28,-1.5181002024183718
CG16901,10,FBgn0263396,Sum,348,2.1751380630367474
CG5330,10,FBgn0015268,Day 1,138,0.29755097944025266
CG5330,10,FBgn0015268,Day 2 ,53,0.3620330940191084
CG5330,10,FBgn0015268,Day 3,35,0.3721889173040144
CG5330,10,FBgn0015268,Day 4 ,22,-1.2863048443785616
CG5330,10,FBgn0015268,Day 5,18,-2.8675226045680353
CG5330,10,FBgn0015268,Sum,266,-0.667273429696532
CG5289,10,FBgn0015282,Day 1,0,-7.168273595606086
CG5289,10,FBgn0015282,Day 2 ,0,-2.835925903149682
CG5289,10,FBgn0015282,Day 3,0,-3.6359994228930637
CG5289,10,FBgn0015282,Day 4 ,0,-3.505811242521962
CG5289,10,FBgn0015282,Day 5,0,-5.29648292843743
CG5289,10,FBgn0015282,Sum,0,-9.887779003684974
CG4800,10,FBgn0037874,Day 1,39,-5.058366650484295
CG4800,10,FBgn0037874,Day 2 ,20,-1.6291489230859877
CG4800,10,FBgn0037874,Day 3,11,-2.376283087402553
CG4800,10,FBgn0037874,Day 4 ,6,-2.90049131575558
CG4800,10,FBgn0037874,Day 5,8,-4.216945006717699
CG4800,10,FBgn0037874,Sum,84,-6.976040401372835
CG2331,10,FBgn0261014,Day 1,100,-1.7582557876014928
CG2331,10,FBgn0261014,Day 2 ,58,0.663727339035032
CG2331,10,FBgn0261014,Day 3,33,0.14314958357846708
CG2331,10,FBgn0261014,Day 4 ,32,-0.27743829976792506
CG2331,10,FBgn0261014,Day 5,45,0.7759178812360567
CG2331,10,FBgn0261014,Sum,268,-0.5979463201176716
OR,10,Control,Day 1,28,-5.653468609364801
OR,10,Control,Day 2 ,51,0.2413553960127389
OR,10,Control,Day 3,38,0.7157479178923354
OR,10,Control,Day 4 ,35,0.025221663615265913
OR,10,Control,Day 5,25,-1.9229269230632708
OR,10,Control,Sum,177,-3.752329805955823
OR,10,Control,Day 1,119,-0.7303524040806201
OR,10,Control,Day 2 ,45,-0.12067769800636945
OR,10,Control,Day 3,25,-0.7730077513237221
OR,10,Control,Day 4 ,35,0.025221663615265913
OR,10,Control,Day 5,40,0.10120668016122478
OR,10,Control,Sum,264,-0.7366005392753925
OR,10,Control,Day 1,126,-0.3516511575202986
OR,10,Control,Day 2 ,65,1.086099282057325
OR,10,Control,Day 3,31,-0.08588975014708024
OR,10,Control,Day 4 ,34,-0.07566499084579774
OR,10,Control,Day 5,32,-0.9783312415585063
OR,10,Control,Sum,288,0.09532477567093316
OR,10,Control,Day 1,115,-0.9467531164008038
OR,10,Control,Day 2 ,45,-0.12067769800636945
OR,10,Control,Day 3,38,0.7157479178923354
OR,10,Control,Day 4 ,19,-1.5889648077617526
OR,10,Control,Day 5,52,1.7205135627408212
OR,10,Control,Sum,269,-0.5632827653282413
Tj>HpoRNAi,10,Control,Day 1,131,-0.0811502671200689
Tj>HpoRNAi,10,Control,Day 2 ,43,-0.2413553960127389
Tj>HpoRNAi,10,Control,Day 3,32,0.028629916715693413
Tj>HpoRNAi,10,Control,Day 4 ,46,1.1349748626869662
Tj>HpoRNAi,10,Control,Day 5,29,-1.3831579622034054
Tj>HpoRNAi,10,Control,Sum,281,-0.1473201078550785
Tj>HpoRNAi,10,Control,Day 1,127,-0.29755097944025266
Tj>HpoRNAi,10,Control,Day 2 ,69,1.327454678070064
Tj>HpoRNAi,10,Control,Day 3,26,-0.6584880844609485
Tj>HpoRNAi,10,Control,Day 4 ,34,-0.07566499084579774
Tj>HpoRNAi,10,Control,Day 5,43,0.5060334008061239
Tj>HpoRNAi,10,Control,Sum,299,0.47662387835466574
Tj>HpoRNAi,10,Control,Day 1,158,1.3795545410411714
Tj>HpoRNAi,10,Control,Day 2 ,29,-1.086099282057325
Tj>HpoRNAi,10,Control,Day 3,44,1.4028659190689772
Tj>HpoRNAi,10,Control,Day 4 ,37,0.22699497253739323
Tj>HpoRNAi,10,Control,Day 5,46,0.910860121451023
Tj>HpoRNAi,10,Control,Sum,314,0.9965772001961193
Tj>HpoRNAi,10,Control,Day 1,114,-1.0008532944808497
Tj>HpoRNAi,10,Control,Day 2 ,47,0.0
Tj>HpoRNAi,10,Control,Day 3,25,-0.7730077513237221
Tj>HpoRNAi,10,Control,Day 4 ,22,-1.2863048443785616
Tj>HpoRNAi,10,Control,Day 5,39,-0.03373556005374159
Tj>HpoRNAi,10,Control,Sum,247,-1.3258809706957064
"Tj>HpoRNAi,Hpo",10,Control,Day 1,0,-7.168273595606086
"Tj>HpoRNAi,Hpo",10,Control,Day 2 ,0,-2.835925903149682
"Tj>HpoRNAi,Hpo",10,Control,Day 3,0,-3.6359994228930637
"Tj>HpoRNAi,Hpo",10,Control,Day 4 ,0,-3.505811242521962
"Tj>HpoRNAi,Hpo",10,Control,Day 5,0,-5.29648292843743
"Tj>HpoRNAi,Hpo",10,Control,Sum,0,-9.887779003684974
"Tj>HpoRNAi,HpoRNAi",10,Control,Day 1,130,-0.13525044520011484
"Tj>HpoRNAi,HpoRNAi",10,Control,Day 2 ,62,0.9050827350477709
"Tj>HpoRNAi,HpoRNAi",10,Control,Day 3,41,1.0593069184806563
"Tj>HpoRNAi,HpoRNAi",10,Control,Day 4 ,33,-0.1765516453068614
"Tj>HpoRNAi,HpoRNAi",10,Control,Day 5,23,-2.1928114034932036
"Tj>HpoRNAi,HpoRNAi",10,Control,Sum,289,0.1299883304603634
"Tj>HpoRNAi,Yki",10,Control,Day 1,0,-7.168273595606086
"Tj>HpoRNAi,Yki",10,Control,Day 2 ,0,-2.835925903149682
"Tj>HpoRNAi,Yki",10,Control,Day 3,0,-3.6359994228930637
"Tj>HpoRNAi,Yki",10,Control,Day 4 ,0,-3.505811242521962
"Tj>HpoRNAi,Yki",10,Control,Day 5,0,-5.29648292843743
"Tj>HpoRNAi,Yki",10,Control,Sum,0,-9.887779003684974
"Tj>HpoRNAi,YkiRNAi",10,Control,Day 1,0,-7.168273595606086
"Tj>HpoRNAi,YkiRNAi",10,Control,Day 2 ,0,-2.835925903149682
"Tj>HpoRNAi,YkiRNAi",10,Control,Day 3,0,-3.6359994228930637
"Tj>HpoRNAi,YkiRNAi",10,Control,Day 4 ,0,-3.505811242521962
"Tj>HpoRNAi,YkiRNAi",10,Control,Day 5,0,-5.29648292843743
"Tj>HpoRNAi,YkiRNAi",10,Control,Sum,0,-9.887779003684974
CG7393,11,FBgn0024846,Day 1,181,0.6630645461428987
CG7393,11,FBgn0024846,Day 2 ,89,-0.30117024685041444
CG7393,11,FBgn0024846,Day 3,59,-0.07671216882031492
CG7393,11,FBgn0024846,Day 4 ,47,0.8491918278948403
CG7393,11,FBgn0024846,Day 5,37,1.1361119822887948
CG7393,11,FBgn0024846,Sum,413,0.5194839312882987
CG15218,11,FBgn0025674,Day 1,0,-5.398283072638142
CG15218,11,FBgn0025674,Day 2 ,0,-7.354894449399601
CG15218,11,FBgn0025674,Day 3,0,-3.8483938024857895
CG15218,11,FBgn0025674,Day 4 ,0,-5.387060658207894
CG15218,11,FBgn0025674,Day 5,0,-3.7518116624420657
CG15218,11,FBgn0025674,Sum,0,-6.680075250660268
OR,11,Control,Day 1,108,-1.7815673664041507
OR,11,Control,Day 2 ,54,-3.0751067309989706
OR,11,Control,Day 3,40,-1.2913215084752983
OR,11,Control,Day 4 ,40,-0.07961173386514148
OR,11,Control,Day 5,13,-2.034433084563655
OR,11,Control,Sum,255,-2.234826845340935
OR,11,Control,Day 1,112,-1.6476149328399288
OR,11,Control,Day 2 ,64,-2.282553449813669
OR,11,Control,Day 3,56,-0.2684925908711018
OR,11,Control,Day 4 ,37,-0.4776704031908479
OR,11,Control,Day 5,21,-0.977584728946172
OR,11,Control,Sum,290,-1.6246947112774972
OR,11,Control,Day 1,114,-1.580638716057818
OR,11,Control,Day 2 ,60,-2.59957476228779
OR,11,Control,Day 3,34,-1.6748823525768721
OR,11,Control,Day 4 ,34,-0.8757290725165544
OR,11,Control,Day 5,16,-1.6381149512070992
OR,11,Control,Sum,258,-2.1825298052783544
OR,11,Control,Day 1,176,0.49562400418762137
OR,11,Control,Day 2 ,64,-2.282553449813669
OR,11,Control,Day 3,44,-1.035614279074249
OR,11,Control,Day 4 ,44,0.4511331585691338
OR,11,Control,Day 5,24,-0.5812665955896157
OR,11,Control,Sum,352,-0.5438892166508358
OR,11,Control,Day 1,123,-1.2792457405383186
OR,11,Control,Day 2 ,77,-1.2522341842727767
OR,11,Control,Day 3,66,0.37077548263152105
OR,11,Control,Day 4 ,41,0.053074489243427336
OR,11,Control,Day 5,31,0.3434757155756823
OR,11,Control,Sum,338,-0.787942070276211
Tj>HpoRNAi,11,Control,Day 1,123,-1.2792457405383186
Tj>HpoRNAi,11,Control,Day 2 ,82,-0.8559575436801257
Tj>HpoRNAi,11,Control,Day 3,65,0.30684867528125875
Tj>HpoRNAi,11,Control,Day 4 ,33,-1.008415295625123
Tj>HpoRNAi,11,Control,Day 5,25,-0.44916055113743025
Tj>HpoRNAi,11,Control,Sum,328,-0.9622655371514789
Tj>HpoRNAi,11,Control,Day 1,170,0.29469535384128853
Tj>HpoRNAi,11,Control,Day 2 ,98,0.41212770621635714
Tj>HpoRNAi,11,Control,Day 3,61,0.05114144588020964
Tj>HpoRNAi,11,Control,Day 4 ,41,0.053074489243427336
Tj>HpoRNAi,11,Control,Day 5,20,-1.1096907733983574
Tj>HpoRNAi,11,Control,Sum,390,0.11853995747518241
Tj>HpoRNAi,11,Control,Day 1,141,-0.6764597894993202
Tj>HpoRNAi,11,Control,Day 2 ,82,-0.8559575436801257
Tj>HpoRNAi,11,Control,Day 3,35,-1.6109555452266098
Tj>HpoRNAi,11,Control,Day 4 ,37,-0.4776704031908479
Tj>HpoRNAi,11,Control,Day 5,26,-0.3170545066852448
Tj>HpoRNAi,11,Control,Sum,321,-1.0842919639641664
Tj>HpoRNAi,11,Control,Day 1,172,0.3616715706233995
Tj>HpoRNAi,11,Control,Day 2 ,112,1.5217022998757797
Tj>HpoRNAi,11,Control,Day 3,78,1.1378971708346686
Tj>HpoRNAi,11,Control,Day 4 ,39,-0.2122979569737103
Tj>HpoRNAi,11,Control,Day 5,31,0.3434757155756823
Tj>HpoRNAi,11,Control,Sum,432,0.8506985183513078
Tj>HpoRNAi,11,Control,Day 1,200,1.2993386055729528
Tj>HpoRNAi,11,Control,Day 2 ,90,-0.2219149187318843
Tj>HpoRNAi,11,Control,Day 3,62,0.11506825323047193
Tj>HpoRNAi,11,Control,Day 4 ,53,1.6453091665462531
Tj>HpoRNAi,11,Control,Day 5,40,1.532430115645351
Tj>HpoRNAi,11,Control,Sum,445,1.0773190252891562
"Tj>HpoRNAi,Bab1RNAi",11,Control,Day 1,195,1.1318980636176754
"Tj>HpoRNAi,Bab1RNAi",11,Control,Day 2 ,83,-0.7767022155615956
"Tj>HpoRNAi,Bab1RNAi",11,Control,Day 3,44,-1.035614279074249
"Tj>HpoRNAi,Bab1RNAi",11,Control,Day 4 ,46,0.7165056047862715
"Tj>HpoRNAi,Bab1RNAi",11,Control,Day 5,31,0.3434757155756823
"Tj>HpoRNAi,Bab1RNAi",11,Control,Sum,399,0.2754310776629236
"Tj>HpoRNAi,Bab2RNAi",11,Control,Day 1,234,2.4379342908688386
"Tj>HpoRNAi,Bab2RNAi",11,Control,Day 2 ,82,-0.8559575436801257
"Tj>HpoRNAi,Bab2RNAi",11,Control,Day 3,66,0.37077548263152105
"Tj>HpoRNAi,Bab2RNAi",11,Control,Day 4 ,46,0.7165056047862715
"Tj>HpoRNAi,Bab2RNAi",11,Control,Day 5,33,0.6076878044800531
"Tj>HpoRNAi,Bab2RNAi",11,Control,Sum,461,1.3562365722895848
"Tj>HpoRNAi,Hpo",11,Control,Day 1,0,-5.398283072638142
"Tj>HpoRNAi,Hpo",11,Control,Day 2 ,0,-7.354894449399601
"Tj>HpoRNAi,Hpo",11,Control,Day 3,0,-3.8483938024857895
"Tj>HpoRNAi,Hpo",11,Control,Day 4 ,0,-5.387060658207894
"Tj>HpoRNAi,Hpo",11,Control,Day 5,0,-3.7518116624420657
"Tj>HpoRNAi,Hpo",11,Control,Sum,0,-6.680075250660268
"Tj>HpoRNAi,HpoRNAi",11,Control,Day 1,124,-1.2457576321472632
"Tj>HpoRNAi,HpoRNAi",11,Control,Day 2 ,106,1.0461703311645987
"Tj>HpoRNAi,HpoRNAi",11,Control,Day 3,59,-0.07671216882031492
"Tj>HpoRNAi,HpoRNAi",11,Control,Day 4 ,37,-0.4776704031908479
"Tj>HpoRNAi,HpoRNAi",11,Control,Day 5,18,-1.3739028623027283
"Tj>HpoRNAi,HpoRNAi",11,Control,Sum,344,-0.6833479901510502
"Tj>HpoRNAi,Yki",11,Control,Day 1,0,-5.398283072638142
"Tj>HpoRNAi,Yki",11,Control,Day 2 ,0,-7.354894449399601
"Tj>HpoRNAi,Yki",11,Control,Day 3,0,-3.8483938024857895
"Tj>HpoRNAi,Yki",11,Control,Day 4 ,0,-5.387060658207894
"Tj>HpoRNAi,Yki",11,Control,Day 5,0,-3.7518116624420657
"Tj>HpoRNAi,Yki",11,Control,Sum,0,-6.680075250660268
"Tj>HpoRNAi,YkiRNAi",11,Control,Day 1,0,-5.398283072638142
"Tj>HpoRNAi,YkiRNAi",11,Control,Day 2 ,0,-7.354894449399601
"Tj>HpoRNAi,YkiRNAi",11,Control,Day 3,0,-3.8483938024857895
"Tj>HpoRNAi,YkiRNAi",11,Control,Day 4 ,0,-5.387060658207894
"Tj>HpoRNAi,YkiRNAi",11,Control,Day 5,0,-3.7518116624420657
"Tj>HpoRNAi,YkiRNAi",11,Control,Sum,0,-6.680075250660268
CG6975,12,FBgn0005198,Day 1,70,-1.0533446062696536
CG6975,12,FBgn0005198,Day 2 ,30,-1.4546508237944
CG6975,12,FBgn0005198,Day 3,16,-3.518415166380863
CG6975,12,FBgn0005198,Day 4 ,14,-2.574601217387157
CG6975,12,FBgn0005198,Day 5,8,-2.505581615876382
CG6975,12,FBgn0005198,Sum,138,-1.9707244182233912
CG18801,12,FBgn0041627,Day 1,103,-0.43920375809123363
CG18801,12,FBgn0041627,Day 2 ,41,-0.8706669164316846
CG18801,12,FBgn0041627,Day 3,37,1.042493382631366
CG18801,12,FBgn0041627,Day 4 ,35,2.0863147796068335
CG18801,12,FBgn0041627,Day 5,27,-0.3218178222226547
CG18801,12,FBgn0041627,Sum,243,-0.4218766344400376
OR,12,Control,Day 1,49,-1.4441615096559208
OR,12,Control,Day 2 ,43,-0.7644880241839181
OR,12,Control,Day 3,44,2.5627962323021087
OR,12,Control,Day 4 ,26,0.08877935232369474
OR,12,Control,Day 5,31,0.13792192380970902
OR,12,Control,Sum,193,-1.1594231981463965
OR,12,Control,Day 1,37,-1.6674854544480737
OR,12,Control,Day 2 ,28,-1.5608297160421665
OR,12,Control,Day 3,38,1.2596795040129007
OR,12,Control,Day 4 ,21,-1.0209625517224934
OR,12,Control,Day 5,11,-2.1607768063521093
OR,12,Control,Sum,135,-2.014977212045773
OR,12,Control,Day 1,31,-1.77914742684415
OR,12,Control,Day 2 ,42,-0.8175774703078014
OR,12,Control,Day 3,27,-1.129367831183981
OR,12,Control,Day 4 ,33,1.6424180179883583
OR,12,Control,Day 5,25,-0.5516876952388365
OR,12,Control,Sum,158,-1.6757057927408476
OR,12,Control,Day 1,95,-0.5880863879526688
OR,12,Control,Day 2 ,54,-0.18050411682120285
OR,12,Control,Day 3,21,-2.432484559473189
OR,12,Control,Day 4 ,17,-1.908756074959444
OR,12,Control,Day 5,20,-1.1263623777792913
OR,12,Control,Sum,207,-0.952910160308616
OR,12,Control,Day 1,20,-1.9838610429036234
OR,12,Control,Day 2 ,75,0.9343742517803446
OR,12,Control,Day 3,29,-0.6949955884209117
OR,12,Control,Day 4 ,52,5.859437253363874
OR,12,Control,Day 5,23,-0.7815575682550184
OR,12,Control,Sum,199,-1.0709176105016334
Tj>HpoRNAi,12,Control,Day 1,116,-0.19726948456640148
Tj>HpoRNAi,12,Control,Day 2 ,59,0.08494311379821322
Tj>HpoRNAi,12,Control,Day 3,37,1.042493382631366
Tj>HpoRNAi,12,Control,Day 4 ,20,-1.2429109325317311
Tj>HpoRNAi,12,Control,Day 5,45,1.747011034922982
Tj>HpoRNAi,12,Control,Sum,277,0.07965502888028643
Tj>HpoRNAi,12,Control,Day 1,75,-0.9602929626062566
Tj>HpoRNAi,12,Control,Day 2 ,41,-0.8706669164316846
Tj>HpoRNAi,12,Control,Day 3,31,-0.2606233456578423
Tj>HpoRNAi,12,Control,Day 4 ,27,0.3107277331329324
Tj>HpoRNAi,12,Control,Day 5,27,-0.3218178222226547
Tj>HpoRNAi,12,Control,Sum,201,-1.041415747953379
Tj>HpoRNAi,12,Control,Day 1,89,-0.6997483603487451
Tj>HpoRNAi,12,Control,Day 2 ,47,-0.5521302396883854
Tj>HpoRNAi,12,Control,Day 3,25,-1.5637400739470504
Tj>HpoRNAi,12,Control,Day 4 ,22,-0.7990141709132559
Tj>HpoRNAi,12,Control,Day 5,23,-0.7815575682550184
Tj>HpoRNAi,12,Control,Sum,206,-0.9676610915827432
Tj>HpoRNAi,12,Control,Day 1,142,0.2865990624832628
Tj>HpoRNAi,12,Control,Day 2 ,89,1.6776264975147097
Tj>HpoRNAi,12,Control,Day 3,33,0.17374889710522715
Tj>HpoRNAi,12,Control,Day 4 ,31,1.198521256369883
Tj>HpoRNAi,12,Control,Day 5,26,-0.4367527587307456
Tj>HpoRNAi,12,Control,Sum,321,0.7286960049418822
Tj>HpoRNAi,12,Control,Day 1,211,1.570711745038141
Tj>HpoRNAi,12,Control,Day 2 ,51,-0.3397724551928525
Tj>HpoRNAi,12,Control,Day 3,35,0.6081211398682965
Tj>HpoRNAi,12,Control,Day 4 ,28,0.5326761139421701
Tj>HpoRNAi,12,Control,Day 5,28,-0.20688288571456376
Tj>HpoRNAi,12,Control,Sum,353,1.2007258057139518
"Tj>HpoRNAi,Bab1RNAi",12,Control,Day 1,145,0.34243004868130095
"Tj>HpoRNAi,Bab1RNAi",12,Control,Day 2 ,79,1.1467320362758775
"Tj>HpoRNAi,Bab1RNAi",12,Control,Day 3,31,-0.2606233456578423
"Tj>HpoRNAi,Bab1RNAi",12,Control,Day 4 ,41,3.4180050644622595
"Tj>HpoRNAi,Bab1RNAi",12,Control,Day 5,21,-1.0114274412712003
"Tj>HpoRNAi,Bab1RNAi",12,Control,Sum,317,0.6696922798453735
"Tj>HpoRNAi,Bab2RNAi",12,Control,Day 1,197,1.3101671427806294
"Tj>HpoRNAi,Bab2RNAi",12,Control,Day 2 ,56,-0.07432522457343642
"Tj>HpoRNAi,Bab2RNAi",12,Control,Day 3,32,-0.04343722427630756
"Tj>HpoRNAi,Bab2RNAi",12,Control,Day 4 ,44,4.083850206889973
"Tj>HpoRNAi,Bab2RNAi",12,Control,Day 5,33,0.36779179682589086
"Tj>HpoRNAi,Bab2RNAi",12,Control,Sum,362,1.3334841871810965
"Tj>HpoRNAi,Hpo",12,Control,Day 1,0,-2.356067617557211
"Tj>HpoRNAi,Hpo",12,Control,Day 2 ,0,-3.0473342075108962
"Tj>HpoRNAi,Hpo",12,Control,Day 3,0,-6.993393108485418
"Tj>HpoRNAi,Hpo",12,Control,Day 4 ,0,-5.681878548716484
"Tj>HpoRNAi,Hpo",12,Control,Day 5,0,-3.4250611079411097
"Tj>HpoRNAi,Hpo",12,Control,Sum,0,-4.006352934052941
"Tj>HpoRNAi,HpoRNAi",12,Control,Day 1,135,0.15632676135450702
"Tj>HpoRNAi,HpoRNAi",12,Control,Day 2 ,39,-0.976845808679451
"Tj>HpoRNAi,HpoRNAi",12,Control,Day 3,54,4.734657446117456
"Tj>HpoRNAi,HpoRNAi",12,Control,Day 4 ,36,2.3082631604160713
"Tj>HpoRNAi,HpoRNAi",12,Control,Day 5,32,0.25285686031779997
"Tj>HpoRNAi,HpoRNAi",12,Control,Sum,296,0.3599227230887028
"Tj>HpoRNAi,Yki",12,Control,Day 1,0,-2.356067617557211
"Tj>HpoRNAi,Yki",12,Control,Day 2 ,0,-3.0473342075108962
"Tj>HpoRNAi,Yki",12,Control,Day 3,0,-6.993393108485418
"Tj>HpoRNAi,Yki",12,Control,Day 4 ,0,-5.681878548716484
"Tj>HpoRNAi,Yki",12,Control,Day 5,0,-3.4250611079411097
"Tj>HpoRNAi,Yki",12,Control,Sum,0,-4.006352934052941
"Tj>HpoRNAi,YkiRNAi",12,Control,Day 1,0,-2.356067617557211
"Tj>HpoRNAi,YkiRNAi",12,Control,Day 2 ,0,-3.0473342075108962
"Tj>HpoRNAi,YkiRNAi",12,Control,Day 3,0,-6.993393108485418
"Tj>HpoRNAi,YkiRNAi",12,Control,Day 4 ,0,-5.681878548716484
"Tj>HpoRNAi,YkiRNAi",12,Control,Day 5,0,-3.4250611079411097
"Tj>HpoRNAi,YkiRNAi",12,Control,Sum,0,-4.006352934052941
CG2199,13,FBgn0035213,Day 1,0,-4.797460663270603
CG2199,13,FBgn0035213,Day 2 ,0,-4.331946676054008
CG2199,13,FBgn0035213,Day 3,0,-6.225796183348113
CG2199,13,FBgn0035213,Day 4 ,0,-2.067307567927696
CG2199,13,FBgn0035213,Day 5,0,-2.2718971576555167
CG2199,13,FBgn0035213,Sum,0,-5.630507774707991
CG14226,13,FBgn0043903,Day 1,0,-4.797460663270603
CG14226,13,FBgn0043903,Day 2 ,0,-4.331946676054008
CG14226,13,FBgn0043903,Day 3,0,-6.225796183348113
CG14226,13,FBgn0043903,Day 4 ,0,-2.067307567927696
CG14226,13,FBgn0043903,Day 5,0,-2.2718971576555167
CG14226,13,FBgn0043903,Sum,0,-5.630507774707991
OR,13,Control,Day 1,86,-1.437675508211386
OR,13,Control,Day 2 ,52,0.980818115332983
OR,13,Control,Day 3,28,-0.2964664849213384
OR,13,Control,Day 4 ,25,0.6817716447421124
OR,13,Control,Day 5,30,-0.015045676540764956
OR,13,Control,Sum,221,-0.5223705899359629
OR,13,Control,Day 1,106,-0.6563301233138935
OR,13,Control,Day 2 ,43,0.06130113220831158
OR,13,Control,Day 3,45,3.303483689123489
OR,13,Control,Day 4 ,24,0.57180847623532
OR,13,Control,Day 5,23,-0.5416443554675403
OR,13,Control,Sum,241,-0.06009573158555314
OR,13,Control,Day 1,44,-3.0785008164961196
OR,13,Control,Day 2 ,34,-0.8582158509163599
OR,13,Control,Day 3,25,-0.9317518097527785
OR,13,Control,Day 4 ,20,0.13195580220815073
OR,13,Control,Day 5,26,-0.31595920735606514
OR,13,Control,Sum,149,-2.186560079997438
OR,13,Control,Day 1,64,-2.2971554315986276
OR,13,Control,Day 2 ,25,-1.7777328340410312
OR,13,Control,Day 3,29,-0.08470470997752505
OR,13,Control,Day 4 ,15,-0.4178600403258109
OR,13,Control,Day 5,14,-1.2186997998019657
OR,13,Control,Sum,147,-2.232787565832479
OR,13,Control,Day 1,96,-1.0470028157626396
OR,13,Control,Day 2 ,34,-0.8582158509163599
OR,13,Control,Day 3,34,0.9741041647415418
OR,13,Control,Day 4 ,24,0.57180847623532
OR,13,Control,Day 5,16,-1.0682430343943157
OR,13,Control,Sum,204,-0.9153042195338111
Tj>HpoRNAi,13,Control,Day 1,157,1.336100608174712
Tj>HpoRNAi,13,Control,Day 2 ,47,0.4699753469303878
Tj>HpoRNAi,13,Control,Day 3,25,-0.9317518097527785
Tj>HpoRNAi,13,Control,Day 4 ,21,0.24191897071494306
Tj>HpoRNAi,13,Control,Day 5,39,0.6620097677936605
Tj>HpoRNAi,13,Control,Sum,289,1.0493639284554304
Tj>HpoRNAi,13,Control,Day 1,139,0.632889761766969
Tj>HpoRNAi,13,Control,Day 2 ,47,0.4699753469303878
Tj>HpoRNAi,13,Control,Day 3,32,0.5505806148539151
Tj>HpoRNAi,13,Control,Day 4 ,33,1.5614769927964511
Tj>HpoRNAi,13,Control,Day 5,36,0.43632461968218533
Tj>HpoRNAi,13,Control,Sum,287,1.0031364426203893
Tj>HpoRNAi,13,Control,Day 1,115,-0.3047247001100219
Tj>HpoRNAi,13,Control,Day 2 ,52,0.980818115332983
Tj>HpoRNAi,13,Control,Day 3,36,1.3976277146291685
Tj>HpoRNAi,13,Control,Day 4 ,18,-0.08797053480543394
Tj>HpoRNAi,13,Control,Day 5,17,-0.9930146516904906
Tj>HpoRNAi,13,Control,Sum,238,-0.1294369603381146
Tj>HpoRNAi,13,Control,Day 1,91,-1.2423391619870128
Tj>HpoRNAi,13,Control,Day 2 ,27,-1.5733957266799932
Tj>HpoRNAi,13,Control,Day 3,25,-0.9317518097527785
Tj>HpoRNAi,13,Control,Day 4 ,10,-0.9676758828597726
Tj>HpoRNAi,13,Control,Day 5,44,1.0381516813127858
Tj>HpoRNAi,13,Control,Sum,197,-1.0771004199564547
Tj>HpoRNAi,13,Control,Day 1,112,-0.42192650784464575
Tj>HpoRNAi,13,Control,Day 2 ,39,-0.34737308251376464
Tj>HpoRNAi,13,Control,Day 3,29,-0.08470470997752505
Tj>HpoRNAi,13,Control,Day 4 ,12,-0.7477495458461879
Tj>HpoRNAi,13,Control,Day 5,15,-1.1434714170981408
Tj>HpoRNAi,13,Control,Sum,207,-0.8459629907812497
"Tj>HpoRNAi,Bab1RNAi",13,Control,Day 1,104,-0.7344646618036427
"Tj>HpoRNAi,Bab1RNAi",13,Control,Day 2 ,42,-0.040867421472207476
"Tj>HpoRNAi,Bab1RNAi",13,Control,Day 3,19,-2.202322459415659
"Tj>HpoRNAi,Bab1RNAi",13,Control,Day 4 ,20,0.13195580220815073
"Tj>HpoRNAi,Bab1RNAi",13,Control,Day 5,18,-0.9177862689866656
"Tj>HpoRNAi,Bab1RNAi",13,Control,Sum,203,-0.9384179624513317
"Tj>HpoRNAi,Bab2RNAi",13,Control,Day 1,141,0.7110243002567181
"Tj>HpoRNAi,Bab2RNAi",13,Control,Day 2 ,44,0.16346968588883062
"Tj>HpoRNAi,Bab2RNAi",13,Control,Day 3,33,0.7623423897977284
"Tj>HpoRNAi,Bab2RNAi",13,Control,Day 4 ,22,0.3518821392217354
"Tj>HpoRNAi,Bab2RNAi",13,Control,Day 5,26,-0.31595920735606514
"Tj>HpoRNAi,Bab2RNAi",13,Control,Sum,266,0.5177478413524591
"Tj>HpoRNAi,Hpo",13,Control,Day 1,3,-4.680258855535979
"Tj>HpoRNAi,Hpo",13,Control,Day 2 ,8,-3.514598246609855
"Tj>HpoRNAi,Hpo",13,Control,Day 3,6,-4.955225533685232
"Tj>HpoRNAi,Hpo",13,Control,Day 4 ,11,-0.8577127143529802
"Tj>HpoRNAi,Hpo",13,Control,Day 5,6,-1.8205268614325663
"Tj>HpoRNAi,Hpo",13,Control,Sum,34,-4.844640515512294
"Tj>HpoRNAi,HpoRNAi",13,Control,Day 1,106,-0.6563301233138935
"Tj>HpoRNAi,HpoRNAi",13,Control,Day 2 ,116,7.519605550886201
"Tj>HpoRNAi,HpoRNAi",13,Control,Day 3,28,-0.2964664849213384
"Tj>HpoRNAi,HpoRNAi",13,Control,Day 4 ,18,-0.08797053480543394
"Tj>HpoRNAi,HpoRNAi",13,Control,Day 5,11,-1.444384947913441
"Tj>HpoRNAi,HpoRNAi",13,Control,Sum,279,0.8182264992802254
"Tj>HpoRNAi,Yki",13,Control,Day 1,0,-4.797460663270603
"Tj>HpoRNAi,Yki",13,Control,Day 2 ,11,-3.208092585568298
"Tj>HpoRNAi,Yki",13,Control,Day 3,1,-6.014034408404299
"Tj>HpoRNAi,Yki",13,Control,Day 4 ,6,-1.407528556886942
"Tj>HpoRNAi,Yki",13,Control,Day 5,4,-1.9709836268402163
"Tj>HpoRNAi,Yki",13,Control,Sum,22,-5.12200543052254
"Tj>HpoRNAi,YkiRNAi",13,Control,Day 1,0,-4.797460663270603
"Tj>HpoRNAi,YkiRNAi",13,Control,Day 2 ,0,-4.331946676054008
"Tj>HpoRNAi,YkiRNAi",13,Control,Day 3,0,-6.225796183348113
"Tj>HpoRNAi,YkiRNAi",13,Control,Day 4 ,0,-2.067307567927696
"Tj>HpoRNAi,YkiRNAi",13,Control,Day 5,0,-2.2718971576555167
"Tj>HpoRNAi,YkiRNAi",13,Control,Sum,0,-5.630507774707991
CG1765,14,FBgn0000546,Day 1,157,-0.1406500552424326
CG1765,14,FBgn0000546,Day 2 ,95,0.17436172186076662
CG1765,14,FBgn0000546,Day 3,66,0.37077548263152105
CG1765,14,FBgn0000546,Day 4 ,38,-0.3449841800822791
CG1765,14,FBgn0000546,Day 5,25,-0.44916055113743025
CG1765,14,FBgn0000546,Sum,381,-0.03835116271255875
"Tj>HpoRNAi,Hpo",14,Control,Day 1,0,-5.398283072638142
"Tj>HpoRNAi,Hpo",14,Control,Day 2 ,0,-7.354894449399601
"Tj>HpoRNAi,Hpo",14,Control,Day 3,0,-3.8483938024857895
"Tj>HpoRNAi,Hpo",14,Control,Day 4 ,0,-5.387060658207894
"Tj>HpoRNAi,Hpo",14,Control,Day 5,0,-3.7518116624420657
"Tj>HpoRNAi,Hpo",14,Control,Sum,0,-6.680075250660268
"Tj>HpoRNAi,Yki",14,Control,Day 1,0,-5.398283072638142
"Tj>HpoRNAi,Yki",14,Control,Day 2 ,0,-7.354894449399601
"Tj>HpoRNAi,Yki",14,Control,Day 3,0,-3.8483938024857895
"Tj>HpoRNAi,Yki",14,Control,Day 4 ,0,-5.387060658207894
"Tj>HpoRNAi,Yki",14,Control,Day 5,0,-3.7518116624420657
"Tj>HpoRNAi,Yki",14,Control,Sum,0,-6.680075250660268
"Tj>HpoRNAi,YkiRNAi",14,Control,Day 1,0,-5.398283072638142
"Tj>HpoRNAi,YkiRNAi",14,Control,Day 2 ,0,-7.354894449399601
"Tj>HpoRNAi,YkiRNAi",14,Control,Day 3,0,-3.8483938024857895
"Tj>HpoRNAi,YkiRNAi",14,Control,Day 4 ,0,-5.387060658207894
"Tj>HpoRNAi,YkiRNAi",14,Control,Day 5,0,-3.7518116624420657
"Tj>HpoRNAi,YkiRNAi",14,Control,Sum,0,-6.680075250660268
"Tj>HpoRNAi,HpoRNAi",14,Control,Day 1,124,-1.2457576321472632
"Tj>HpoRNAi,HpoRNAi",14,Control,Day 2 ,106,1.0461703311645987
"Tj>HpoRNAi,HpoRNAi",14,Control,Day 3,59,-0.07671216882031492
"Tj>HpoRNAi,HpoRNAi",14,Control,Day 4 ,37,-0.4776704031908479
"Tj>HpoRNAi,HpoRNAi",14,Control,Day 5,18,-1.3739028623027283
"Tj>HpoRNAi,HpoRNAi",14,Control,Sum,344,-0.6833479901510502
"Tj>HpoRNAi,Bab1RNAi",14,Control,Day 1,195,1.1318980636176754
"Tj>HpoRNAi,Bab1RNAi",14,Control,Day 2 ,83,-0.7767022155615956
"Tj>HpoRNAi,Bab1RNAi",14,Control,Day 3,44,-1.035614279074249
"Tj>HpoRNAi,Bab1RNAi",14,Control,Day 4 ,46,0.7165056047862715
"Tj>HpoRNAi,Bab1RNAi",14,Control,Day 5,31,0.3434757155756823
"Tj>HpoRNAi,Bab1RNAi",14,Control,Sum,399,0.2754310776629236
"Tj>HpoRNAi,Bab2RNAi",14,Control,Day 1,234,2.4379342908688386
"Tj>HpoRNAi,Bab2RNAi",14,Control,Day 2 ,82,-0.8559575436801257
"Tj>HpoRNAi,Bab2RNAi",14,Control,Day 3,66,0.37077548263152105
"Tj>HpoRNAi,Bab2RNAi",14,Control,Day 4 ,46,0.7165056047862715
"Tj>HpoRNAi,Bab2RNAi",14,Control,Day 5,33,0.6076878044800531
"Tj>HpoRNAi,Bab2RNAi",14,Control,Sum,461,1.3562365722895848
Tj>HpoRNAi,14,Control,Day 1,123,-1.2792457405383186
Tj>HpoRNAi,14,Control,Day 2 ,82,-0.8559575436801257
Tj>HpoRNAi,14,Control,Day 3,65,0.30684867528125875
Tj>HpoRNAi,14,Control,Day 4 ,33,-1.008415295625123
Tj>HpoRNAi,14,Control,Day 5,25,-0.44916055113743025
Tj>HpoRNAi,14,Control,Sum,328,-0.9622655371514789
Tj>HpoRNAi,14,Control,Day 1,170,0.29469535384128853
Tj>HpoRNAi,14,Control,Day 2 ,98,0.41212770621635714
Tj>HpoRNAi,14,Control,Day 3,61,0.05114144588020964
Tj>HpoRNAi,14,Control,Day 4 ,41,0.053074489243427336
Tj>HpoRNAi,14,Control,Day 5,20,-1.1096907733983574
Tj>HpoRNAi,14,Control,Sum,390,0.11853995747518241
Tj>HpoRNAi,14,Control,Day 1,141,-0.6764597894993202
Tj>HpoRNAi,14,Control,Day 2 ,82,-0.8559575436801257
Tj>HpoRNAi,14,Control,Day 3,35,-1.6109555452266098
Tj>HpoRNAi,14,Control,Day 4 ,37,-0.4776704031908479
Tj>HpoRNAi,14,Control,Day 5,26,-0.3170545066852448
Tj>HpoRNAi,14,Control,Sum,321,-1.0842919639641664
Tj>HpoRNAi,14,Control,Day 1,172,0.3616715706233995
Tj>HpoRNAi,14,Control,Day 2 ,112,1.5217022998757797
Tj>HpoRNAi,14,Control,Day 3,78,1.1378971708346686
Tj>HpoRNAi,14,Control,Day 4 ,39,-0.2122979569737103
Tj>HpoRNAi,14,Control,Day 5,31,0.3434757155756823
Tj>HpoRNAi,14,Control,Sum,432,0.8506985183513078
Tj>HpoRNAi,14,Control,Day 1,200,1.2993386055729528
Tj>HpoRNAi,14,Control,Day 2 ,90,-0.2219149187318843
Tj>HpoRNAi,14,Control,Day 3,62,0.11506825323047193
Tj>HpoRNAi,14,Control,Day 4 ,53,1.6453091665462531
Tj>HpoRNAi,14,Control,Day 5,40,1.532430115645351
Tj>HpoRNAi,14,Control,Sum,445,1.0773190252891562
OR,14,Control,Day 1,108,-1.7815673664041507
OR,14,Control,Day 2 ,54,-3.0751067309989706
OR,14,Control,Day 3,40,-1.2913215084752983
OR,14,Control,Day 4 ,40,-0.07961173386514148
OR,14,Control,Day 5,13,-2.034433084563655
OR,14,Control,Sum,255,-2.234826845340935
OR,14,Control,Day 1,112,-1.6476149328399288
OR,14,Control,Day 2 ,64,-2.282553449813669
OR,14,Control,Day 3,56,-0.2684925908711018
OR,14,Control,Day 4 ,37,-0.4776704031908479
OR,14,Control,Day 5,21,-0.977584728946172
OR,14,Control,Sum,290,-1.6246947112774972
OR,14,Control,Day 1,114,-1.580638716057818
OR,14,Control,Day 2 ,60,-2.59957476228779
OR,14,Control,Day 3,34,-1.6748823525768721
OR,14,Control,Day 4 ,34,-0.8757290725165544
OR,14,Control,Day 5,16,-1.6381149512070992
OR,14,Control,Sum,258,-2.1825298052783544
OR,14,Control,Day 1,176,0.49562400418762137
OR,14,Control,Day 2 ,64,-2.282553449813669
OR,14,Control,Day 3,44,-1.035614279074249
OR,14,Control,Day 4 ,44,0.4511331585691338
OR,14,Control,Day 5,24,-0.5812665955896157
OR,14,Control,Sum,352,-0.5438892166508358
OR,14,Control,Day 1,123,-1.2792457405383186
OR,14,Control,Day 2 ,77,-1.2522341842727767
OR,14,Control,Day 3,66,0.37077548263152105
OR,14,Control,Day 4 ,41,0.053074489243427336
OR,14,Control,Day 5,31,0.3434757155756823
OR,14,Control,Sum,338,-0.787942070276211
CG3665,15,FBgn0000635,Day 1,158,-0.18474223348429158
CG3665,15,FBgn0000635,Day 2 ,54,-0.7844226470646756
CG3665,15,FBgn0000635,Day 3,62,0.08585539507016887
CG3665,15,FBgn0000635,Day 4 ,29,-1.2472504972205467
CG3665,15,FBgn0000635,Day 5,24,0.19112739302699863
CG3665,15,FBgn0000635,Sum,327,-0.7601980421824016
CG8409,15,FBgn0003607,Day 1,57,-3.9165353498669817
CG8409,15,FBgn0003607,Day 2 ,28,-2.2206894656337997
CG8409,15,FBgn0003607,Day 3,13,-2.5434660789537507
CG8409,15,FBgn0003607,Day 4 ,6,-4.29903362871763
CG8409,15,FBgn0003607,Day 5,0,-2.102401323296985
CG8409,15,FBgn0003607,Sum,104,-7.541164578449424
CG8402,15,FBgn0005777,Day 1,190,0.9976080608151746
CG8402,15,FBgn0005777,Day 2 ,69,0.04419282518674212
CG8402,15,FBgn0005777,Day 3,46,-0.7726985556315191
CG8402,15,FBgn0005777,Day 4 ,39,0.07961173386514148
CG8402,15,FBgn0005777,Day 5,16,-0.5733821790809959
CG8402,15,FBgn0005777,Sum,360,0.24326337349836852
CG18405,15,FBgn0011259,Day 1,202,1.4409894211774743
CG18405,15,FBgn0011259,Day 2 ,65,-0.17677130074696926
CG18405,15,FBgn0011259,Day 3,61,0.032195773151313375
CG18405,15,FBgn0011259,Day 4 ,28,-1.3799367203291155
CG18405,15,FBgn0011259,Day 5,26,0.38225478605399726
CG18405,15,FBgn0011259,Sum,382,0.912237650618882
CG4254,15,FBgn0011726,Day 1,0,-6.022596811587906
CG4254,15,FBgn0011726,Day 2 ,0,-3.767438347169779
CG4254,15,FBgn0011726,Day 3,0,-3.241041163898872
CG4254,15,FBgn0011726,Day 4 ,0,-5.095150967369042
CG4254,15,FBgn0011726,Day 5,0,-2.102401323296985
CG4254,15,FBgn0011726,Sum,0,-10.703588433928214
CG12245,15,FBgn0014179,Day 1,202,1.4409894211774743
CG12245,15,FBgn0014179,Day 2 ,117,2.6957623363912786
CG12245,15,FBgn0014179,Day 3,78,0.9444093457718569
CG12245,15,FBgn0014179,Day 4 ,51,1.6718464111679674
CG12245,15,FBgn0014179,Day 5,56,3.249165681458977
CG12245,15,FBgn0014179,Sum,504,4.622004096469002
CG4257,15,FBgn0016917,Day 1,0,-6.022596811587906
CG4257,15,FBgn0016917,Day 2 ,0,-3.767438347169779
CG4257,15,FBgn0016917,Day 3,0,-3.241041163898872
CG4257,15,FBgn0016917,Day 4 ,0,-5.095150967369042
CG4257,15,FBgn0016917,Day 5,0,-2.102401323296985
CG4257,15,FBgn0016917,Sum,0,-10.703588433928214
CG3433,15,FBgn0021944,Day 1,147,-0.5911751471497331
CG3433,15,FBgn0021944,Day 2 ,87,1.0385313918884433
CG3433,15,FBgn0021944,Day 3,44,-0.8800177994692301
CG3433,15,FBgn0021944,Day 4 ,42,0.4776704031908479
CG3433,15,FBgn0021944,Day 5,22,0.0
CG3433,15,FBgn0021944,Sum,342,-0.30407921687296063
CG9635,15,FBgn0023172,Day 1,129,-1.2562471876931829
CG9635,15,FBgn0023172,Day 2 ,48,-1.1158688359652427
CG9635,15,FBgn0023172,Day 3,50,-0.5580600679560971
CG9635,15,FBgn0023172,Day 4 ,49,1.4064739649508295
CG9635,15,FBgn0023172,Day 5,42,1.9112739302699864
CG9635,15,FBgn0023172,Sum,318,-1.0338693373680663
CG3630,15,FBgn0023540,Day 1,0,-6.022596811587906
CG3630,15,FBgn0023540,Day 2 ,0,-3.767438347169779
CG3630,15,FBgn0023540,Day 3,0,-3.241041163898872
CG3630,15,FBgn0023540,Day 4 ,0,-5.095150967369042
CG3630,15,FBgn0023540,Day 5,0,-2.102401323296985
CG3630,15,FBgn0023540,Sum,0,-10.703588433928214
CG31811,15,FBgn0028509,Day 1,144,-0.7020204872403081
CG31811,15,FBgn0028509,Day 2 ,78,0.5413621085375927
CG31811,15,FBgn0028509,Day 3,52,-0.4507408241183861
CG31811,15,FBgn0028509,Day 4 ,25,-1.777995389654822
CG31811,15,FBgn0028509,Day 5,5,-1.6245828407294884
CG31811,15,FBgn0028509,Sum,304,-1.4595802409902112
CG2272,15,FBgn0030018,Day 1,157,-0.2216906801811499
CG2272,15,FBgn0030018,Day 2 ,74,0.32039798260388136
CG2272,15,FBgn0030018,Day 3,42,-0.987337043306941
CG2272,15,FBgn0030018,Day 4 ,22,-2.1760540589805286
CG2272,15,FBgn0030018,Day 5,22,0.0
CG2272,15,FBgn0030018,Sum,317,-1.0642772590553622
CG15436,15,FBgn0031610,Day 1,187,0.8867627207245996
CG15436,15,FBgn0031610,Day 2 ,82,0.7623262344713041
CG15436,15,FBgn0031610,Day 3,70,0.5151323704210129
CG15436,15,FBgn0031610,Day 4 ,36,-0.31844693546056496
CG15436,15,FBgn0031610,Day 5,28,0.5733821790809959
CG15436,15,FBgn0031610,Sum,403,1.5508040060520993
CG17498,15,FBgn0035640,Day 1,54,-4.027380689957557
CG17498,15,FBgn0035640,Day 2 ,39,-1.6130381193160932
CG17498,15,FBgn0035640,Day 3,36,-1.309294774820074
CG17498,15,FBgn0035640,Day 4 ,33,-0.7165056047862715
CG17498,15,FBgn0035640,Day 5,4,-1.7201465372429878
CG17498,15,FBgn0035640,Sum,166,-5.655873433837068
CG6233,15,FBgn0036136,Day 1,0,-6.022596811587906
CG6233,15,FBgn0036136,Day 2 ,0,-3.767438347169779
CG6233,15,FBgn0036136,Day 3,0,-3.241041163898872
CG6233,15,FBgn0036136,Day 4 ,0,-5.095150967369042
CG6233,15,FBgn0036136,Day 5,0,-2.102401323296985
CG6233,15,FBgn0036136,Sum,0,-10.703588433928214
CG7285,15,FBgn0036790,Day 1,212,1.8104738881460576
CG7285,15,FBgn0036790,Day 2 ,74,0.32039798260388136
CG7285,15,FBgn0036790,Day 3,68,0.4078131265833019
CG7285,15,FBgn0036790,Day 4 ,42,0.4776704031908479
CG7285,15,FBgn0036790,Day 5,36,1.3378917511889905
CG7285,15,FBgn0036790,Sum,432,2.432633734983685
CG7012,15,FBgn0039234,Day 1,172,0.33253602027172485
CG7012,15,FBgn0039234,Day 2 ,54,-0.7844226470646756
CG7012,15,FBgn0039234,Day 3,59,-0.07512347068639762
CG7012,15,FBgn0039234,Day 4 ,44,0.7430428494079856
CG7012,15,FBgn0039234,Day 5,18,-0.38225478605399726
CG7012,15,FBgn0039234,Sum,347,-0.15203960843648032
CG4003,15,FBgn0040078,Day 1,202,1.4409894211774743
CG4003,15,FBgn0040078,Day 2 ,104,1.9776289271067167
CG4003,15,FBgn0040078,Day 3,90,1.5883248087981228
CG4003,15,FBgn0040078,Day 4 ,38,-0.053074489243427336
CG4003,15,FBgn0040078,Day 5,64,4.013675253566971
CG4003,15,FBgn0040078,Sum,498,4.439556566345225
OR,15,Control,Day 1,176,0.4803298070591581
OR,15,Control,Day 2 ,52,-0.8949047100315313
OR,15,Control,Day 3,60,-0.021463848767542124
OR,15,Control,Day 4 ,30,-1.114564274111978
OR,15,Control,Day 5,31,0.8600732686214939
OR,15,Control,Sum,349,-0.0912237650618882
OR,15,Control,Day 1,124,-1.4409894211774743
OR,15,Control,Day 2 ,38,-1.6682791507995212
OR,15,Control,Day 3,30,-1.631252506333207
OR,15,Control,Day 4 ,12,-3.5029162900662167
OR,15,Control,Day 5,23,0.09556369651349932
OR,15,Control,Sum,227,-3.800990210912008
OR,15,Control,Day 1,138,-0.923711167421458
OR,15,Control,Day 2 ,55,-0.7291816155812477
OR,15,Control,Day 3,44,-0.8800177994692301
OR,15,Control,Day 4 ,20,-2.4414265051976662
OR,15,Control,Day 5,43,2.0068376267834855
OR,15,Control,Sum,300,-1.5812119277393955
OR,15,Control,Day 1,177,0.5172782537560164
OR,15,Control,Day 2 ,56,-0.6739405840978199
OR,15,Control,Day 3,50,-0.5580600679560971
OR,15,Control,Day 4 ,30,-1.114564274111978
OR,15,Control,Day 5,41,1.815710233756487
OR,15,Control,Sum,354,0.06081584337459213
Tj>HpoRNAi,15,Control,Day 1,171,0.29558757357486654
Tj>HpoRNAi,15,Control,Day 2 ,62,-0.3424943951972528
Tj>HpoRNAi,15,Control,Day 3,42,-0.987337043306941
Tj>HpoRNAi,15,Control,Day 4 ,49,1.4064739649508295
Tj>HpoRNAi,15,Control,Day 5,27,0.4778184825674966
Tj>HpoRNAi,15,Control,Sum,351,-0.030407921687296065
Tj>HpoRNAi,15,Control,Day 1,135,-1.0345565075120329
Tj>HpoRNAi,15,Control,Day 2 ,93,1.3699775807890104
Tj>HpoRNAi,15,Control,Day 3,61,0.032195773151313375
Tj>HpoRNAi,15,Control,Day 4 ,29,-1.2472504972205467
Tj>HpoRNAi,15,Control,Day 5,24,0.19112739302699863
Tj>HpoRNAi,15,Control,Sum,342,-0.30407921687296063
Tj>HpoRNAi,15,Control,Day 1,192,1.0715049542088912
Tj>HpoRNAi,15,Control,Day 2 ,81,0.7070852029878762
Tj>HpoRNAi,15,Control,Day 3,58,-0.1287830926052531
Tj>HpoRNAi,15,Control,Day 4 ,41,0.3449841800822791
Tj>HpoRNAi,15,Control,Day 5,19,-0.28669108954049793
Tj>HpoRNAi,15,Control,Sum,391,1.1859089458045464
Tj>HpoRNAi,15,Control,Day 1,183,0.7389689339371663
Tj>HpoRNAi,15,Control,Day 2 ,53,-0.8396636785481034
Tj>HpoRNAi,15,Control,Day 3,91,1.6419844307169784
Tj>HpoRNAi,15,Control,Day 4 ,39,0.07961173386514148
Tj>HpoRNAi,15,Control,Day 5,6,-1.529019144215989
Tj>HpoRNAi,15,Control,Sum,372,0.6081584337459213
Tj>HpoRNAi,15,Control,Day 1,134,-1.0715049542088912
Tj>HpoRNAi,15,Control,Day 2 ,52,-0.8949047100315313
Tj>HpoRNAi,15,Control,Day 3,50,-0.5580600679560971
Tj>HpoRNAi,15,Control,Day 4 ,34,-0.5838193816777026
Tj>HpoRNAi,15,Control,Day 5,34,1.1467643581619917
Tj>HpoRNAi,15,Control,Sum,304,-1.4595802409902112
"Tj>HpoRNAi,Bab1RNAi",15,Control,Day 1,181,0.6650720405434497
"Tj>HpoRNAi,Bab1RNAi",15,Control,Day 2 ,107,2.1433520215570003
"Tj>HpoRNAi,Bab1RNAi",15,Control,Day 3,80,1.0517285896095678
"Tj>HpoRNAi,Bab1RNAi",15,Control,Day 4 ,41,0.3449841800822791
"Tj>HpoRNAi,Bab1RNAi",15,Control,Day 5,23,0.09556369651349932
"Tj>HpoRNAi,Bab1RNAi",15,Control,Sum,432,2.432633734983685
"Tj>HpoRNAi,Bab2RNAi",15,Control,Day 1,181,0.6650720405434497
"Tj>HpoRNAi,Bab2RNAi",15,Control,Day 2 ,66,-0.12153026926354142
"Tj>HpoRNAi,Bab2RNAi",15,Control,Day 3,43,-0.9336774213880856
"Tj>HpoRNAi,Bab2RNAi",15,Control,Day 4 ,31,-0.9818780510034091
"Tj>HpoRNAi,Bab2RNAi",15,Control,Day 5,20,-0.19112739302699863
"Tj>HpoRNAi,Bab2RNAi",15,Control,Sum,341,-0.3344871385602567
"Tj>HpoRNAi,Hpo",15,Control,Day 1,0,-6.022596811587906
"Tj>HpoRNAi,Hpo",15,Control,Day 2 ,0,-3.767438347169779
"Tj>HpoRNAi,Hpo",15,Control,Day 3,0,-3.241041163898872
"Tj>HpoRNAi,Hpo",15,Control,Day 4 ,0,-5.095150967369042
"Tj>HpoRNAi,Hpo",15,Control,Day 5,0,-2.102401323296985
"Tj>HpoRNAi,Hpo",15,Control,Sum,0,-10.703588433928214
"Tj>HpoRNAi,HpoRNAi",15,Control,Day 1,133,-1.1084534009057496
"Tj>HpoRNAi,HpoRNAi",15,Control,Day 2 ,96,1.5357006752392939
"Tj>HpoRNAi,HpoRNAi",15,Control,Day 3,28,-1.7385717501709181
"Tj>HpoRNAi,HpoRNAi",15,Control,Day 4 ,50,1.5391601880593984
"Tj>HpoRNAi,HpoRNAi",15,Control,Day 5,7,-1.43345544770249
"Tj>HpoRNAi,HpoRNAi",15,Control,Sum,314,-1.1555010241172505
"Tj>HpoRNAi,Yki",15,Control,Day 1,0,-6.022596811587906
"Tj>HpoRNAi,Yki",15,Control,Day 2 ,0,-3.767438347169779
"Tj>HpoRNAi,Yki",15,Control,Day 3,0,-3.241041163898872
"Tj>HpoRNAi,Yki",15,Control,Day 4 ,0,-5.095150967369042
"Tj>HpoRNAi,Yki",15,Control,Day 5,0,-2.102401323296985
"Tj>HpoRNAi,Yki",15,Control,Sum,0,-10.703588433928214
"Tj>HpoRNAi,YkiRNAi",15,Control,Day 1,0,-6.022596811587906
"Tj>HpoRNAi,YkiRNAi",15,Control,Day 2 ,0,-3.767438347169779
"Tj>HpoRNAi,YkiRNAi",15,Control,Day 3,0,-3.241041163898872
"Tj>HpoRNAi,YkiRNAi",15,Control,Day 4 ,0,-5.095150967369042
"Tj>HpoRNAi,YkiRNAi",15,Control,Day 5,0,-2.102401323296985
"Tj>HpoRNAi,YkiRNAi",15,Control,Sum,0,-10.703588433928214
CG8114,16,FBgn0003041,Day 1,0,-4.334890206293121
CG8114,16,FBgn0003041,Day 2 ,0,-5.074695606335164
CG8114,16,FBgn0003041,Day 3,0,-4.710557197659958
CG8114,16,FBgn0003041,Day 4 ,0,-5.235218157585141
CG8114,16,FBgn0003041,Day 5,0,-4.044031792469075
CG8114,16,FBgn0003041,Sum,0,-12.15634286748611
CG31212,16,FBgn0086613,Day 1,76,1.0003592783753357
CG31212,16,FBgn0086613,Day 2 ,101,0.4964376136632225
CG31212,16,FBgn0086613,Day 3,47,-0.2826334318595975
CG31212,16,FBgn0086613,Day 4 ,53,1.1801936887041649
CG31212,16,FBgn0086613,Day 5,46,1.636135000006572
CG31212,16,FBgn0086613,Sum,323,1.8793988526140277
OR,16,Control,Day 1,21,-2.8606765328978896
OR,16,Control,Day 2 ,57,-1.930590719801421
OR,16,Control,Day 3,45,-0.4710557197659958
OR,16,Control,Day 4 ,36,-0.8775799223697636
OR,16,Control,Day 5,40,0.895243679248879
OR,16,Control,Sum,199,-3.5089354300250344
OR,16,Control,Day 1,14,-3.3520810906963
OR,16,Control,Day 2 ,49,-2.3718685986131742
OR,16,Control,Day 3,26,-2.26106745487678
OR,16,Control,Day 4 ,23,-2.45117150730865
OR,16,Control,Day 5,19,-1.6978759434030464
OR,16,Control,Sum,131,-6.463828423730327
OR,16,Control,Day 1,64,0.15795146500663193
OR,16,Control,Day 2 ,58,-1.8754309849499518
OR,16,Control,Day 3,62,1.13053372743839
OR,16,Control,Day 4 ,44,0.09078412990032037
OR,16,Control,Day 5,33,0.030870471698237208
OR,16,Control,Sum,261,-0.8147682887055033
OR,16,Control,Day 1,31,-2.158670021757303
OR,16,Control,Day 2 ,77,-0.8273960227720375
OR,16,Control,Day 3,51,0.09421114395319917
OR,16,Control,Day 4 ,42,-0.15130688316720062
OR,16,Control,Day 5,28,-0.5865389622665069
OR,16,Control,Sum,229,-2.205306168096229
Tj>HpoRNAi,16,Control,Day 1,56,-0.40365374390583714
Tj>HpoRNAi,16,Control,Day 2 ,113,1.1583544318808525
Tj>HpoRNAi,16,Control,Day 3,63,1.2247448713915892
Tj>HpoRNAi,16,Control,Day 4 ,39,-0.5144434027684821
Tj>HpoRNAi,16,Control,Day 5,39,0.7717617924559302
Tj>HpoRNAi,16,Control,Sum,310,1.3144928391115454
Tj>HpoRNAi,16,Control,Day 1,49,-0.8950583017042476
Tj>HpoRNAi,16,Control,Day 2 ,83,-0.4964376136632225
Tj>HpoRNAi,16,Control,Day 3,37,-1.2247448713915892
Tj>HpoRNAi,16,Control,Day 4 ,54,1.3012391952379254
Tj>HpoRNAi,16,Control,Day 5,31,-0.21609330188766046
Tj>HpoRNAi,16,Control,Sum,254,-1.1189484498222246
Tj>HpoRNAi,16,Control,Day 1,82,1.4215631850596875
Tj>HpoRNAi,16,Control,Day 2 ,72,-1.1031946970293833
Tj>HpoRNAi,16,Control,Day 3,50,0.0
Tj>HpoRNAi,16,Control,Day 4 ,35,-0.9986254289035241
Tj>HpoRNAi,16,Control,Day 5,39,0.7717617924559302
Tj>HpoRNAi,16,Control,Sum,278,-0.07604504027918031
Tj>HpoRNAi,16,Control,Day 1,60,-0.12285113944960262
Tj>HpoRNAi,16,Control,Day 2 ,100,0.44127787881175334
Tj>HpoRNAi,16,Control,Day 3,50,0.0
Tj>HpoRNAi,16,Control,Day 4 ,45,0.21182963643408087
Tj>HpoRNAi,16,Control,Day 5,22,-1.3274302830242
Tj>HpoRNAi,16,Control,Sum,277,-0.11949934901014049
"Tj>HpoRNAi,Bab1RNAi",16,Control,Day 1,90,1.9831683939721565
"Tj>HpoRNAi,Bab1RNAi",16,Control,Day 2 ,76,-0.8825557576235067
"Tj>HpoRNAi,Bab1RNAi",16,Control,Day 3,43,-0.6594780076723942
"Tj>HpoRNAi,Bab1RNAi",16,Control,Day 4 ,52,1.0591481821704043
"Tj>HpoRNAi,Bab1RNAi",16,Control,Day 5,49,2.0065806603854184
"Tj>HpoRNAi,Bab1RNAi",16,Control,Sum,310,1.3144928391115454
"Tj>HpoRNAi,Bab2RNAi",16,Control,Day 1,92,2.1235696962002737
"Tj>HpoRNAi,Bab2RNAi",16,Control,Day 2 ,91,-0.05515973485146917
"Tj>HpoRNAi,Bab2RNAi",16,Control,Day 3,64,1.3189560153447883
"Tj>HpoRNAi,Bab2RNAi",16,Control,Day 4 ,60,2.027512234440488
"Tj>HpoRNAi,Bab2RNAi",16,Control,Day 5,26,-0.8335027358524046
"Tj>HpoRNAi,Bab2RNAi",16,Control,Sum,333,2.3139419399236294
"Tj>HpoRNAi,Hpo",16,Control,Day 1,0,-4.334890206293121
"Tj>HpoRNAi,Hpo",16,Control,Day 2 ,0,-5.074695606335164
"Tj>HpoRNAi,Hpo",16,Control,Day 3,0,-4.710557197659958
"Tj>HpoRNAi,Hpo",16,Control,Day 4 ,0,-5.235218157585141
"Tj>HpoRNAi,Hpo",16,Control,Day 5,0,-4.044031792469075
"Tj>HpoRNAi,Hpo",16,Control,Sum,0,-12.15634286748611
"Tj>HpoRNAi,HpoRNAi",16,Control,Day 1,64,0.15795146500663193
"Tj>HpoRNAi,HpoRNAi",16,Control,Day 2 ,79,-0.7170765530690991
"Tj>HpoRNAi,HpoRNAi",16,Control,Day 3,54,0.3768445758127967
"Tj>HpoRNAi,HpoRNAi",16,Control,Day 4 ,41,-0.2723523897009611
"Tj>HpoRNAi,HpoRNAi",16,Control,Day 5,19,-1.6978759434030464
"Tj>HpoRNAi,HpoRNAi",16,Control,Sum,257,-0.988585523629344
"Tj>HpoRNAi,Yki",16,Control,Day 1,0,-4.334890206293121
"Tj>HpoRNAi,Yki",16,Control,Day 2 ,0,-5.074695606335164
"Tj>HpoRNAi,Yki",16,Control,Day 3,0,-4.710557197659958
"Tj>HpoRNAi,Yki",16,Control,Day 4 ,0,-5.235218157585141
"Tj>HpoRNAi,Yki",16,Control,Day 5,0,-4.044031792469075
"Tj>HpoRNAi,Yki",16,Control,Sum,0,-12.15634286748611
"Tj>HpoRNAi,YkiRNAi",16,Control,Day 1,0,-4.334890206293121
"Tj>HpoRNAi,YkiRNAi",16,Control,Day 2 ,0,-5.074695606335164
"Tj>HpoRNAi,YkiRNAi",16,Control,Day 3,0,-4.710557197659958
"Tj>HpoRNAi,YkiRNAi",16,Control,Day 4 ,0,-5.235218157585141
"Tj>HpoRNAi,YkiRNAi",16,Control,Day 5,0,-4.044031792469075
"Tj>HpoRNAi,YkiRNAi",16,Control,Sum,0,-12.15634286748611
