CG,Name,Sig,FbID,label,KeyMember,KeyMember
CG7793,FGF Signalling,FGF,FBgn0001965,Sos,,
CG12559,FGF Signalling,FGF,FBgn0003256,rl,,
CG6556,FGF Signalling,FGF,FBgn0286070,cnk,,
CG13194,FGF Signalling,FGF,FBgn0033649,pyr,Ligand,Ligand
CG6033,FGF Signalling,FGF,FBgn0004638,drk,,
CG1799,FGF Signalling,FGF,FBgn0003204,ras,,
CG17077,FGF Signalling,FGF,FBgn0003118,pnt,,
CG7935,FGF Signalling,FGF,FBgn0026252,msk,,
CG2845,FGF Signalling,FGF,FBgn0003079,Raf,,
CG31431,FGF Signalling,FGF,FBgn0051431,CG31431,,
CG1921,FGF Signalling,FGF,FBgn0014388,sty,,
CG44128,FGF Signalling,FGF,FBgn0264959,Src42A,,
CG32134,FGF Signalling,FGF,FBgn0285896,btl,Receptor,Receptor
CG31317,FGF Signalling,FGF,FBgn0020299,stumps,,
CG4451,FGF Signalling,FGF,FBgn0038755,Hs6st,,
CG3166,FGF Signalling,FGF,FBgn0000097,aop,,
CG6721,FGF Signalling,FGF,FBgn0004390,RasGAP1,,
CG15793,FGF Signalling,FGF,FBgn0010269,Dsor1,,
CG2899,FGF Signalling,FGF,FBgn0015402,ksr,,
CG12443,FGF Signalling,FGF,FBgn0033652,ths,Ligand,Ligand
CG10072,FGF Signalling,FGF,FBgn0261445,sgl,,
CG8339,FGF Signalling,FGF,FBgn0020251,sfl,,
CG7223,FGF Signalling,FGF,FBgn0010389,htl,Receptor,Receptor
CG4608,FGF Signalling,FGF,FBgn0014135,bnl,Ligand,Ligand
CG3954,FGF Signalling,FGF,FBgn0000382,csw,,
CG12559,VEGF Signalling,VEGF,FBgn0003256,rl,,
CG7793,VEGF Signalling,VEGF,FBgn0001965,Sos,,
CG6556,VEGF Signalling,VEGF,FBgn0286070,cnk,,
CG6033,VEGF Signalling,VEGF,FBgn0004638,drk,,
CG17077,VEGF Signalling,VEGF,FBgn0003118,pnt,,
CG7935,VEGF Signalling,VEGF,FBgn0026252,msk,,
CG8222,VEGF Signalling,VEGF,FBgn0032006,Pvr,Receptor,Receptor
CG2845,VEGF Signalling,VEGF,FBgn0003079,Raf,,
CG1921,VEGF Signalling,VEGF,FBgn0014388,sty,,
CG44128,VEGF Signalling,VEGF,FBgn0264959,Src42A,,
CG3166,VEGF Signalling,VEGF,FBgn0000097,aop,,
CG15793,VEGF Signalling,VEGF,FBgn0010269,Dsor1,,
CG6721,VEGF Signalling,VEGF,FBgn0004390,RasGAP1,,
CG2899,VEGF Signalling,VEGF,FBgn0015402,ksr,,
CG7103,VEGF Signalling,VEGF,FBgn0030964,Pvf1,Ligand,Ligand
CG13780,VEGF Signalling,VEGF,FBgn0031888,Pvf2,Ligand,Ligand
CG34378,VEGF Signalling,VEGF,FBgn0085407,Pvf3,Ligand,Ligand
CG42576,Toll Signalling,Toll,FBgn0261526,NT1,,
CG16705,Toll Signalling,Toll,FBgn0039102,SPE,,
CG5974,Toll Signalling,Toll,FBgn0010441,pll,,
CG7225,Toll Signalling,Toll,FBgn0004003,wbl,,
CG6794,Toll Signalling,Toll,FBgn0011274,Dif,,
CG6667,Toll Signalling,Toll,FBgn0260632,dl,,
CG7996,Toll Signalling,Toll,FBgn0003450,snk,,
CG15066,Toll Signalling,Toll,FBgn0034328,IM23,,
CG9196,Toll Signalling,Toll,FBgn0035056,spz6,,
CG16910,Toll Signalling,Toll,FBgn0041205,key,,
CG11992,Toll Signalling,Toll,FBgn0014018,Rel,,
CG16844,Toll Signalling,Toll,FBgn0040736,IM3,,
CG11709,Toll Signalling,Toll,FBgn0030310,PGRP-SA,,
CG1857,Toll Signalling,Toll,FBgn0002930,nec,,
CG4261,Toll Signalling,Toll,FBgn0022787,Hel89B,,
CG14928,Toll Signalling,Toll,FBgn0032362,spz4,Ligand,Ligand
CG10520,Toll Signalling,Toll,FBgn0003882,tub,,
CG11331,Toll Signalling,Toll,FBgn0028990,Spn27A,,
CG10961,Toll Signalling,Toll,FBgn0265464,Traf6,,
CG10610,Toll Signalling,Toll,FBgn0028436,ECSIT,,
CG10129,Toll Signalling,Toll,FBgn0002926,ndl,,
CG9972,Toll Signalling,Toll,FBgn0035379,spz5,Ligand,Ligand
CG9614,Toll Signalling,Toll,FBgn0003089,pip,,
CG7121,Toll Signalling,Toll,FBgn0026760,Tehao,,
CG7104,Toll Signalling,Toll,FBgn0031959,spz3,Ligand,Ligand
CG6134,Toll Signalling,Toll,FBgn0003495,spz,Ligand,Ligand
CG5848,Toll Signalling,Toll,FBgn0000250,cact,,
CG5490,Toll Signalling,Toll,FBgn0262473,Tl,Receptor,Receptor
CG5212,Toll Signalling,Toll,FBgn0025574,Pli,,
CG4920,Toll Signalling,Toll,FBgn0000533,ea,,
CG4201,Toll Signalling,Toll,FBgn0024222,IKKbeta,,
CG4148,Toll Signalling,Toll,FBgn0001990,wek,,
CG2078,Toll Signalling,Toll,FBgn0033402,Myd88,,
CG1505,Toll Signalling,Toll,FBgn0000808,gd,,
CG3412,Toll Signalling,Toll,FBgn0283468,slmb,,
CG18279,Toll Signalling,Toll,FBgn0283462,IMPPP,,
CG8416,JNK Signalling,JNK,FBgn0014020,Rho1,,
CG16973,JNK Signalling,JNK,FBgn0010909,msn,,
CG7392,JNK Signalling,JNK,FBgn0044323,Cka,,
CG8556,JNK Signalling,JNK,FBgn0014011,Rac2,,
CG12530,JNK Signalling,JNK,FBgn0010341,Cdc42,,
CG7097,JNK Signalling,JNK,FBgn0263395,hppy,,
CG2275,JNK Signalling,JNK,FBgn0001291,Jra,,
CG2248,JNK Signalling,JNK,FBgn0010333,Rac1,,
CG1200,JNK Signalling,JNK,FBgn0040281,Aplip1,,
CG4427,JNK Signalling,JNK,FBgn0043364,cbt,,
CG7524,JNK Signalling,JNK,FBgn0262733,Src64B,,
CG18247,JNK Signalling,JNK,FBgn0015295,Shark,,
CG44128,JNK Signalling,JNK,FBgn0264959,Src42A,,
CG7850,JNK Signalling,JNK,FBgn0243512,puc,,Effector
CG43140,JNK Signalling,JNK,FBgn0262614,pyd,,
CG4353,JNK Signalling,JNK,FBgn0010303,hep,,Effector
CG12919,JNK Signalling,JNK,FBgn0033483,egr,,
CG42312,JNK Signalling,JNK,FBgn0259212,cno,,
CG11086,JNK Signalling,JNK,FBgn0033153,Gadd45,,
CG33956,JNK Signalling,JNK,FBgn0001297,kay,,
CG18492,JNK Signalling,JNK,FBgn0026323,Tak1,,
CG9738,JNK Signalling,JNK,FBgn0024326,Mkk4,,
CG8049,JNK Signalling,JNK,FBgn0003502,Btk29A,,
CG5680,JNK Signalling,JNK,FBgn0000229,bsk,,Effector
CG5588,JNK Signalling,JNK,FBgn0039532,Mtl,,
CG3166,JNK Signalling,JNK,FBgn0000097,aop,,
CG2272,JNK Signalling,JNK,FBgn0030018,slpr,,
CG10295,JNK Signalling,JNK,FBgn0267698,Pak,,
CG7793,EGF Signalling,EGF,FBgn0001965,Sos,,
CG12559,EGF Signalling,EGF,FBgn0003256,rl,,
CG8384,EGF Signalling,EGF,FBgn0001139,gro,,
CG8416,EGF Signalling,EGF,FBgn0014020,Rho1,,
CG6556,EGF Signalling,EGF,FBgn0286070,cnk,,
CG6033,EGF Signalling,EGF,FBgn0004638,drk,,
CG1799,EGF Signalling,EGF,FBgn0003204,ras,,
CG1004,EGF Signalling,EGF,FBgn0004635,rho,,Effector
CG8781,EGF Signalling,EGF,FBgn0033378,tsu,,
CG7037,EGF Signalling,EGF,FBgn0020224,Cbl,,
CG1634,EGF Signalling,EGF,FBgn0264975,Nrg,,
CG17077,EGF Signalling,EGF,FBgn0003118,pnt,,TF
CG7935,EGF Signalling,EGF,FBgn0026252,msk,,
CG12676,EGF Signalling,EGF,FBgn0000547,ed,,
CG17610,EGF Signalling,EGF,FBgn0001137,grk,Ligand,Ligand
CG10491,EGF Signalling,EGF,FBgn0003984,vn,Ligand,Ligand
CG2845,EGF Signalling,EGF,FBgn0003079,Raf,,
CG33166,EGF Signalling,EGF,FBgn0020248,stet,,
CG1921,EGF Signalling,EGF,FBgn0014388,sty,,
CG9401,EGF Signalling,EGF,FBgn0002736,mago,,
CG12283,EGF Signalling,EGF,FBgn0015399,kek1,,
CG17051,EGF Signalling,EGF,FBgn0015379,dod,,
CG44128,EGF Signalling,EGF,FBgn0264959,Src42A,,
CG34389,EGF Signalling,EGF,FBgn0285955,cv-c,,
CG30476,EGF Signalling,EGF,FBgn0050476,ave,,
CG4426,EGF Signalling,EGF,FBgn0015905,ast,,
CG3715,EGF Signalling,EGF,FBgn0015296,Shc,,
CG1214,EGF Signalling,EGF,FBgn0003295,ru,,
CG10079,EGF Signalling,EGF,FBgn0003731,Egfr,Receptor,Receptor
CG4531,EGF Signalling,EGF,FBgn0004569,aos,,
CG15793,EGF Signalling,EGF,FBgn0010269,Dsor1,,
CG6721,EGF Signalling,EGF,FBgn0004390,RasGAP1,,
CG2899,EGF Signalling,EGF,FBgn0015402,ksr,,
CG3166,EGF Signalling,EGF,FBgn0000097,aop,,
CG43122,EGF Signalling,EGF,FBgn0262582,cic,,
CG32179,EGF Signalling,EGF,FBgn0052179,Krn,Ligand,Ligand
CG18497,EGF Signalling,EGF,FBgn0016977,spen,,
CG10334,EGF Signalling,EGF,FBgn0005672,spi,Ligand,Ligand
CG8365,EGF Signalling,EGF,FBgn0000591,E(spl)m8-HLH,,
CG8205,EGF Signalling,EGF,FBgn0023441,fus,,
CG7508,EGF Signalling,EGF,FBgn0010433,ato,,
CG4385,EGF Signalling,EGF,FBgn0003310,S,,
CG4276,EGF Signalling,EGF,FBgn0029095,aru,,
CG4063,EGF Signalling,EGF,FBgn0263933,ebi,,
CG3954,EGF Signalling,EGF,FBgn0000382,csw,,
CG1210,mTOR Signalling,mTOR,FBgn0020386,Pdk1,,
CG1081,mTOR Signalling,mTOR,FBgn0041191,Rheb,,
CG12559,mTOR Signalling,mTOR,FBgn0003256,rl,,
CG5686,mTOR Signalling,mTOR,FBgn0024248,chico,,
CG4320,mTOR Signalling,mTOR,FBgn0029840,raptor,,
CG4006,mTOR Signalling,mTOR,FBgn0010379,Akt1,,
CG5092,mTOR Signalling,mTOR,FBgn0021796,Tor,,Effector
CG4035,mTOR Signalling,mTOR,FBgn0015218,eIF4E1,,
CG10944,mTOR Signalling,mTOR,FBgn0261592,RpS6,,
CG3051,mTOR Signalling,mTOR,FBgn0023169,AMPKalpha,,
CG8866,mTOR Signalling,mTOR,FBgn0037679,Aduk,,
CG7951,mTOR Signalling,mTOR,FBgn0266411,sima,,
CG6147,mTOR Signalling,mTOR,FBgn0026317,Tsc1,,
CG3004,mTOR Signalling,mTOR,FBgn0264691,Lst8,,
CG10967,mTOR Signalling,mTOR,FBgn0260945,Atg1,,
CG10837,mTOR Signalling,mTOR,FBgn0020660,eIF4B,,
CG9374,mTOR Signalling,mTOR,FBgn0038167,Lkb1,,
CG40293,mTOR Signalling,mTOR,FBgn0046692,Stlk,,
CG5671,mTOR Signalling,mTOR,FBgn0026379,Pten,,Effector
CG10124,mTOR Signalling,mTOR,FBgn0035709,eIF4E4,,
CG6518,mTOR Signalling,mTOR,FBgn0004784,inaC,,
CG33100,mTOR Signalling,mTOR,FBgn0053100,eIF4EHP,,
CG17596,mTOR Signalling,mTOR,FBgn0262866,S6kII,,
CG2699,mTOR Signalling,mTOR,FBgn0020622,Pi3K21B,,
CG4141,mTOR Signalling,mTOR,FBgn0015279,Pi3K92E,,
CG6975,mTOR Signalling,mTOR,FBgn0005198,gig,,
CG11968,mTOR Signalling,mTOR,FBgn0037647,RagA-B,,
CG8707,mTOR Signalling,mTOR,FBgn0033272,RagC-D,,
CG10539,mTOR Signalling,mTOR,FBgn0283472,S6k,,Effector
CG1442,mTOR Signalling,mTOR,FBgn0039622,eIF4E6,,
CG4201,mTOR Signalling,mTOR,FBgn0024222,IKKbeta,,
CG4083,mTOR Signalling,mTOR,FBgn0017572,Mo25,,
CG6622,mTOR Signalling,mTOR,FBgn0003091,Pkc53E,,
CG8002,mTOR Signalling,mTOR,FBgn0031006,rictor,,
CG4317,mTOR Signalling,mTOR,FBgn0026060,Mipp2,,
CG8023,mTOR Signalling,mTOR,FBgn0265089,eIF4E3,,
CG7793,FOXO Signalling,FOXO,FBgn0001965,Sos,,
CG12559,FOXO Signalling,FOXO,FBgn0003256,rl,,
CG12306,FOXO Signalling,FOXO,FBgn0003124,polo,,
CG1210,FOXO Signalling,FOXO,FBgn0020386,Pdk1,,
CG2262,FOXO Signalling,FOXO,FBgn0025800,Smox,,
CG5686,FOXO Signalling,FOXO,FBgn0024248,chico,,
CG5216,FOXO Signalling,FOXO,FBgn0024291,Sirt1,,
CG6535,FOXO Signalling,FOXO,FBgn0045035,tefu,,
CG4006,FOXO Signalling,FOXO,FBgn0010379,Akt1,,
CG11658,FOXO Signalling,FOXO,FBgn0036196,CG11658,,
CG15319,FOXO Signalling,FOXO,FBgn0261617,nej,,
CG6033,FOXO Signalling,FOXO,FBgn0004638,drk,,
CG3051,FOXO Signalling,FOXO,FBgn0023169,AMPKalpha,,
CG14173,FOXO Signalling,FOXO,FBgn0044051,Ilp1,Ligand,Ligand
CG6147,FOXO Signalling,FOXO,FBgn0026317,Tsc1,,
CG32672,FOXO Signalling,FOXO,FBgn0052672,Atg8a,,
CG9096,FOXO Signalling,FOXO,FBgn0010315,CycD,,
CG6554,FOXO Signalling,FOXO,FBgn0037834,Art1,,
CG2048,FOXO Signalling,FOXO,FBgn0002413,dco,,
CG9772,FOXO Signalling,FOXO,FBgn0037236,Skp2,,
CG9374,FOXO Signalling,FOXO,FBgn0038167,Lkb1,,
CG9375,FOXO Signalling,FOXO,FBgn0003205,Ras85D,,
CG10924,FOXO Signalling,FOXO,FBgn0034356,Pepck2,,
CG3143,FOXO Signalling,FOXO,FBgn0038197,foxo,,
CG8167,FOXO Signalling,FOXO,FBgn0036046,Ilp2,Ligand,Ligand
CG11324,FOXO Signalling,FOXO,FBgn0025777,homer,,
CG5671,FOXO Signalling,FOXO,FBgn0026379,Pten,,
CG1775,FOXO Signalling,FOXO,FBgn0011655,Med,,
CG6736,FOXO Signalling,FOXO,FBgn0044049,Ilp4,Ligand,Ligand
CG8905,FOXO Signalling,FOXO,FBgn0010213,Sod2,,
CG12334,FOXO Signalling,FOXO,FBgn0038539,Atg8b,,
CG5814,FOXO Signalling,FOXO,FBgn0015625,CycB3,,
CG8624,FOXO Signalling,FOXO,FBgn0023001,melt,,
CG15400,FOXO Signalling,FOXO,FBgn0031463,G6P,,
CG9314,FOXO Signalling,FOXO,FBgn0032061,CG9314,,
CG7892,FOXO Signalling,FOXO,FBgn0011817,nmo,,
CG14167,FOXO Signalling,FOXO,FBgn0044050,Ilp3,Ligand,Ligand
CG11086,FOXO Signalling,FOXO,FBgn0033153,Gadd45,,
CG10079,FOXO Signalling,FOXO,FBgn0003731,Egfr,,
CG8224,FOXO Signalling,FOXO,FBgn0011300,babo,,
CG8057,FOXO Signalling,FOXO,FBgn0260972,alc,,
CG1490,FOXO Signalling,FOXO,FBgn0030366,Usp7,,
CG5680,FOXO Signalling,FOXO,FBgn0000229,bsk,,
CG4201,FOXO Signalling,FOXO,FBgn0024222,IKKbeta,,
CG15793,FOXO Signalling,FOXO,FBgn0010269,Dsor1,,
CG7393,FOXO Signalling,FOXO,FBgn0024846,p38b,,
CG5475,FOXO Signalling,FOXO,FBgn0015765,p38a,,
CG10498,FOXO Signalling,FOXO,FBgn0004107,Cdk2,,
CG2939,FOXO Signalling,FOXO,FBgn0004567,slp2,,
CG3510,FOXO Signalling,FOXO,FBgn0000405,CycB,,
CG7186,FOXO Signalling,FOXO,FBgn0026371,SAK,,
CG10861,FOXO Signalling,FOXO,FBgn0036255,Atg12,,
CG6871,FOXO Signalling,FOXO,FBgn0000261,Cat,,
CG17725,FOXO Signalling,FOXO,FBgn0003067,Pepck1,,
CG3727,FOXO Signalling,FOXO,FBgn0010583,dock,,
CG33273,FOXO Signalling,FOXO,FBgn0044048,Ilp5,Ligand,Ligand
CG14049,FOXO Signalling,FOXO,FBgn0044047,Ilp6,Ligand,Ligand
CG13317,FOXO Signalling,FOXO,FBgn0044046,Ilp7,Ligand,Ligand
CG14059,FOXO Signalling,FOXO,FBgn0036690,Ilp8,Ligand,Ligand
CG18402,FOXO Signalling,FOXO,FBgn0283499,InR,Receptor,Receptor
CG2699,FOXO Signalling,FOXO,FBgn0020622,Pi3K21B,,
CG4141,FOXO Signalling,FOXO,FBgn0015279,Pi3K92E,,
CG1263,FOXO Signalling,FOXO,FBgn0261602,RpL8,,
CG9809,FOXO Signalling,FOXO,FBgn0037248,srl,,
CG5059,FOXO Signalling,FOXO,FBgn0037007,CG5059,,
CG33338,FOXO Signalling,FOXO,FBgn0267339,p38c,,
CG9829,FOXO Signalling,FOXO,FBgn0086371,poly,,
CG43770,Hedgehog Signalling,SHH,FBgn0264270,Sxl,,
CG2411,Hedgehog Signalling,SHH,FBgn0003892,ptc,Receptor,Receptor
CG8433,Hedgehog Signalling,SHH,FBgn0029175,sotv,,
CG1708,Hedgehog Signalling,SHH,FBgn0000352,cos,,Effector
CG3848,Hedgehog Signalling,SHH,FBgn0023518,trr,,
CG5504,Hedgehog Signalling,SHH,FBgn0002174,CG5504,,
CG16982,Hedgehog Signalling,SHH,FBgn0025638,Roc1a,,
CG5605,Hedgehog Signalling,SHH,FBgn0036974,eRF1,,
CG15319,Hedgehog Signalling,SHH,FBgn0261617,nej,,
CG1258,Hedgehog Signalling,SHH,FBgn0011692,pav,,
CG10711,Hedgehog Signalling,SHH,FBgn0086785,Vps36,,
CG10601,Hedgehog Signalling,SHH,FBgn0014343,mirr,,
CG8053,Hedgehog Signalling,SHH,FBgn0026250,eIF1A,,
CG6963,Hedgehog Signalling,SHH,FBgn0250823,gish,,
CG10117,Hedgehog Signalling,SHH,FBgn0265974,ttv,,
CG17998,Hedgehog Signalling,SHH,FBgn0261988,Gprk2,,
CG6551,Hedgehog Signalling,SHH,FBgn0001079,fu,,Effector
CG11561,Hedgehog Signalling,SHH,FBgn0003444,smo,,Effector
CG2048,Hedgehog Signalling,SHH,FBgn0002413,dco,,
CG4379,Hedgehog Signalling,SHH,FBgn0000273,Pka-C1,,
CG32796,Hedgehog Signalling,SHH,FBgn0040388,boi,,
CG6054,Hedgehog Signalling,SHH,FBgn0005355,Su(fu),,Effector
CG9211,Hedgehog Signalling,SHH,FBgn0031872,ihog,,
CG4971,Hedgehog Signalling,SHH,FBgn0031903,Wnt10,,
CG12066,Hedgehog Signalling,SHH,FBgn0000274,Pka-C2,,
CG15110,Hedgehog Signalling,SHH,FBgn0027535,botv,,
CG11064,Hedgehog Signalling,SHH,FBgn0087002,apolpp,,
CG14821,Hedgehog Signalling,SHH,FBgn0035719,tow,,
CG31003,Hedgehog Signalling,SHH,FBgn0046332,gskt,,
CG4889,Hedgehog Signalling,SHH,FBgn0284084,wg,,
CG6407,Hedgehog Signalling,SHH,FBgn0010194,Wnt5,,
CG4969,Hedgehog Signalling,SHH,FBgn0031902,Wnt6,,
CG8458,Hedgehog Signalling,SHH,FBgn0038134,wntD,,
CG9885,Hedgehog Signalling,SHH,FBgn0000490,dpp,,
CG42611,Hedgehog Signalling,SHH,FBgn0261260,mgl,,
CG6117,Hedgehog Signalling,SHH,FBgn0000489,Pka-C3,,
CG2621,Hedgehog Signalling,SHH,FBgn0003371,sgg,,
CG2028,Hedgehog Signalling,SHH,FBgn0015024,CkIalpha,,
CG4974,Hedgehog Signalling,SHH,FBgn0263930,dally,,
CG33207,Hedgehog Signalling,SHH,FBgn0053207,pxb,,
CG32146,Hedgehog Signalling,SHH,FBgn0041604,dlp,,
CG31009,Hedgehog Signalling,SHH,FBgn0039709,Cad99C,,
CG11495,Hedgehog Signalling,SHH,FBgn0024194,rasp,,
CG10072,Hedgehog Signalling,SHH,FBgn0261445,sgl,,
CG7508,Hedgehog Signalling,SHH,FBgn0010433,ato,,
CG4637,Hedgehog Signalling,SHH,FBgn0004644,hh,Ligand,Ligand
CG3135,Hedgehog Signalling,SHH,FBgn0003390,shf,,
CG2125,Hedgehog Signalling,SHH,FBgn0004859,ci,,Effector
CG2108,Hedgehog Signalling,SHH,FBgn0037364,Rab23,,
CG2028,Hedgehog Signalling,SHH,FBgn0015024,CkIalpha,,
CG2019,Hedgehog Signalling,SHH,FBgn0029088,disp,,
CG3412,Hedgehog Signalling,SHH,FBgn0283468,slmb,,
CG7085,Hedgehog Signalling,SHH,FBgn0267378,sau,,
CG5161,Hedgehog Signalling,SHH,FBgn0266724,Trs20,,
CG7109,Hippo Signalling,Hippo,FBgn0004177,mts,,
CG1725,Hippo Signalling,Hippo,FBgn0001624,dlg1,,
CG4005,Hippo Signalling,Hippo,FBgn0034970,yki,,Effector
CG4027,Hippo Signalling,Hippo,FBgn0000042,Act5C,,
CG5884,Hippo Signalling,Hippo,FBgn0026192,par-6,,
CG6964,Hippo Signalling,Hippo,FBgn0010825,Gug,,
CG5988,Hippo Signalling,Hippo,FBgn0030904,upd2,,
CG43398,Hippo Signalling,Hippo,FBgn0263289,scrib,,
CG8544,Hippo Signalling,Hippo,FBgn0003345,sd,,
CG4114,Hippo Signalling,Hippo,FBgn0004583,ex,,
CG5055,Hippo Signalling,Hippo,FBgn0000163,baz,,
CG42783,Hippo Signalling,Hippo,FBgn0261854,aPKC,,
CG11063,Hippo Signalling,Hippo,FBgn0030530,jub,,
CG5178,Hippo Signalling,Hippo,FBgn0000047,Act88F,,
CG12072,Hippo Signalling,Hippo,FBgn0011739,wts,,Effector
CG17941,Hippo Signalling,Hippo,FBgn0284247,ds,,
CG3938,Hippo Signalling,Hippo,FBgn0010382,CycE,,
CG2048,Hippo Signalling,Hippo,FBgn0002413,dco,,
CG42840,Hippo Signalling,Hippo,FBgn0262029,d,,
CG12021,Hippo Signalling,Hippo,FBgn0067864,Patj,,
CG4656,Hippo Signalling,Hippo,FBgn0039055,Rassf,,
CG13852,Hippo Signalling,Hippo,FBgn0038965,mats,,Effector
CG10798,Hippo Signalling,Hippo,FBgn0262656,Myc,,
CG12676,Hippo Signalling,Hippo,FBgn0000547,ed,,
CG32018,Hippo Signalling,Hippo,FBgn0011642,Zyx,,
CG17117,Hippo Signalling,Hippo,FBgn0001235,hth,,
CG6383,Hippo Signalling,Hippo,FBgn0259685,crb,,
CG10491,Hippo Signalling,Hippo,FBgn0003984,vn,,
CG18290,Hippo Signalling,Hippo,FBgn0000046,Act87E,,
CG33542,Hippo Signalling,Hippo,FBgn0053542,upd3,,
CG11228,Hippo Signalling,Hippo,FBgn0261456,hpo,,Effector
CG10067,Hippo Signalling,Hippo,FBgn0000044,Act57B,,
CG2671,Hippo Signalling,Hippo,FBgn0002121,l(2)gl,,
CG17291,Hippo Signalling,Hippo,FBgn0260439,Pp2A-29B,,
CG6235,Hippo Signalling,Hippo,FBgn0004889,tws,,
CG13139,Hippo Signalling,Hippo,FBgn0032230,lft,,
CG42318,Hippo Signalling,Hippo,FBgn0260941,app,,
CG32717,Hippo Signalling,Hippo,FBgn0261873,sdt,,
CG1374,Hippo Signalling,Hippo,FBgn0003866,tsh,,
CG11009,Hippo Signalling,Hippo,FBgn0036318,Wbp2,,
CG14228,Hippo Signalling,Hippo,FBgn0086384,Mer,,
CG12919,Hippo Signalling,Hippo,FBgn0033483,egr,,
CG33336,Hippo Signalling,Hippo,FBgn0039044,p53,,
CG31196,Hippo Signalling,Hippo,FBgn0020238,14-3-3epsilon,,
CG10917,Hippo Signalling,Hippo,FBgn0000658,fj,,
CG6531,Hippo Signalling,Hippo,FBgn0030941,wgn,,
CG5680,Hippo Signalling,Hippo,FBgn0000229,bsk,,
CG12051,Hippo Signalling,Hippo,FBgn0000043,Act42A,,
CG33967,Hippo Signalling,Hippo,FBgn0262127,kibra,,
CG17870,Hippo Signalling,Hippo,FBgn0004907,14-3-3zeta,,
CG12399,Hippo Signalling,Hippo,FBgn0011648,Mad,,
CG4974,Hippo Signalling,Hippo,FBgn0263930,dally,,
CG4889,Hippo Signalling,Hippo,FBgn0284084,wg,,
CG32179,Hippo Signalling,Hippo,FBgn0052179,Krn,,
CG33193,Hippo Signalling,Hippo,FBgn0053193,sav,,
CG14217,Hippo Signalling,Hippo,FBgn0031030,Tao,,
CG5942,Hippo Signalling,Hippo,FBgn0000212,brm,,
CG3352,Hippo Signalling,Hippo,FBgn0001075,ft,,
CG1768,Hippo Signalling,Hippo,FBgn0011202,dia,,
CG10260,Hippo Signalling,Hippo,FBgn0267350,PI4KIIIalpha,,
CG8068,JAK/STAT Signalling,JAK/STAT,FBgn0003612,Su(var)2-10,,
CG7793,JAK/STAT Signalling,JAK/STAT,FBgn0001965,Sos,,
CG4006,JAK/STAT Signalling,JAK/STAT,FBgn0010379,Akt1,,
CG5988,JAK/STAT Signalling,JAK/STAT,FBgn0030904,upd2,Ligand,Ligand
CG15319,JAK/STAT Signalling,JAK/STAT,FBgn0261617,nej,,
CG6033,JAK/STAT Signalling,JAK/STAT,FBgn0004638,drk,,
CG2903,JAK/STAT Signalling,JAK/STAT,FBgn0031450,Hrs,,
CG7037,JAK/STAT Signalling,JAK/STAT,FBgn0020224,Cbl,,
CG5575,JAK/STAT Signalling,JAK/STAT,FBgn0011236,ken,,
CG3938,JAK/STAT Signalling,JAK/STAT,FBgn0010382,CycE,,
CG1594,JAK/STAT Signalling,JAK/STAT,FBgn0004864,hop,,Effector
CG9096,JAK/STAT Signalling,JAK/STAT,FBgn0010315,CycD,,
CG10798,JAK/STAT Signalling,JAK/STAT,FBgn0262656,Myc,,
CG8146,JAK/STAT Signalling,JAK/STAT,FBgn0030869,Socs16D,,
CG2160,JAK/STAT Signalling,JAK/STAT,FBgn0033266,Socs44A,,
CG33542,JAK/STAT Signalling,JAK/STAT,FBgn0053542,upd3,Ligand,Ligand
CG1921,JAK/STAT Signalling,JAK/STAT,FBgn0014388,sty,,
CG5993,JAK/STAT Signalling,JAK/STAT,FBgn0004956,upd1,Ligand,Ligand
CG10155,JAK/STAT Signalling,JAK/STAT,FBgn0020767,Spred,,
CG3954,JAK/STAT Signalling,JAK/STAT,FBgn0000382,csw,,
CG4141,JAK/STAT Signalling,JAK/STAT,FBgn0015279,Pi3K92E,,
CG2699,JAK/STAT Signalling,JAK/STAT,FBgn0020622,Pi3K21B,,
CG14225,JAK/STAT Signalling,JAK/STAT,FBgn0031055,et,,
CG42236,JAK/STAT Signalling,JAK/STAT,FBgn0262114,RanBPM,,
CG15154,JAK/STAT Signalling,JAK/STAT,FBgn0041184,Socs36E,,
CG14226,JAK/STAT Signalling,JAK/STAT,FBgn0043903,dome,Receptor,Receptor
CG10498,JAK/STAT Signalling,JAK/STAT,FBgn0004107,Cdk2,,
CG6521,JAK/STAT Signalling,JAK/STAT,FBgn0027363,Stam,,
CG5072,JAK/STAT Signalling,JAK/STAT,FBgn0016131,Cdk4,,
CG4257,JAK/STAT Signalling,JAK/STAT,FBgn0016917,Stat92E,,Effector
CG9181,JAK/STAT Signalling,JAK/STAT,FBgn0267487,Ptp61F,,
CG16983,Wingless signalling,Wnt,FBgn0025637,SkpA,,
CG7583,Wingless signalling,Wnt,FBgn0020496,CtBP,,
CG8384,Wingless signalling,Wnt,FBgn0001139,gro,,
CG8433,Wingless signalling,Wnt,FBgn0029175,sotv,,
CG8416,Wingless signalling,Wnt,FBgn0014020,Rho1,,
CG17520,Wingless signalling,Wnt,FBgn0264492,CkIIalpha,,
CG11084,Wingless signalling,Wnt,FBgn0003090,pk,,
CG11579,Wingless signalling,Wnt,FBgn0000117,arm,,
CG16982,Wingless signalling,Wnt,FBgn0025638,Roc1a,,
CG15224,Wingless signalling,Wnt,FBgn0000259,CkIIbeta,,
CG15319,Wingless signalling,Wnt,FBgn0261617,nej,,
CG7467,Wingless signalling,Wnt,FBgn0261885,osa,,
CG8444,Wingless signalling,Wnt,FBgn0037671,ATP6AP2,,
CG3992,Wingless signalling,Wnt,FBgn0003507,srp,,
CG6963,Wingless signalling,Wnt,FBgn0250823,gish,,
CG10117,Wingless signalling,Wnt,FBgn0265974,ttv,,
CG11941,Wingless signalling,Wnt,FBgn0026175,SkpC,,
CG6205,Wingless signalling,Wnt,FBgn0004957,por,,
CG4698,Wingless signalling,Wnt,FBgn0010453,Wnt4,Ligand,Ligand
CG2248,Wingless signalling,Wnt,FBgn0010333,Rac1,,
CG6193,Wingless signalling,Wnt,FBgn0026598,Apc2,,
CG2204,Wingless signalling,Wnt,FBgn0001122,Galphao,,
CG9096,Wingless signalling,Wnt,FBgn0010315,CycD,,
CG4803,Wingless signalling,Wnt,FBgn0039015,Takl2,,
CG2048,Wingless signalling,Wnt,FBgn0002413,dco,,
CG4379,Wingless signalling,Wnt,FBgn0000273,Pka-C1,,
CG10798,Wingless signalling,Wnt,FBgn0262656,Myc,,
CG30498,Wingless signalling,Wnt,FBgn0004132,boca,,
CG11942,Wingless signalling,Wnt,FBgn0031074,SkpE,,
CG5912,Wingless signalling,Wnt,FBgn0000119,arr,,
CG12227,Wingless signalling,Wnt,FBgn0034863,SkpF,,
CG8075,Wingless signalling,Wnt,FBgn0015838,Vang,,
CG16738,Wingless signalling,Wnt,FBgn0003430,slp1,,
CG7895,Wingless signalling,Wnt,FBgn0004110,tin,,
CG14622,Wingless signalling,Wnt,FBgn0025641,DAAM,,
CG11217,Wingless signalling,Wnt,FBgn0015614,CanB2,,
CG18069,Wingless signalling,Wnt,FBgn0264607,CaMKII,,
CG11614,Wingless signalling,Wnt,FBgn0002945,nkd,,
CG13030,Wingless signalling,Wnt,FBgn0259794,sinah,,
CG1775,Wingless signalling,Wnt,FBgn0011655,Med,,
CG31421,Wingless signalling,Wnt,FBgn0046689,Takl1,,
CG6235,Wingless signalling,Wnt,FBgn0004889,tws,,
CG1877,Wingless signalling,Wnt,FBgn0015509,Cul1,,
CG12147,Wingless signalling,Wnt,FBgn0037325,CG12147,,
CG11518,Wingless signalling,Wnt,FBgn0043900,pygo,,
CG9962,Wingless signalling,Wnt,FBgn0031441,CG9962,,
CG17090,Wingless signalling,Wnt,FBgn0035142,Hipk,,
CG4971,Wingless signalling,Wnt,FBgn0031903,Wnt10,Ligand,Ligand
CG12066,Wingless signalling,Wnt,FBgn0000274,Pka-C2,,
CG6518,Wingless signalling,Wnt,FBgn0004784,inaC,,
CG9949,Wingless signalling,Wnt,FBgn0003410,sina,,
CG11990,Wingless signalling,Wnt,FBgn0037657,hyx,,
CG11546,Wingless signalling,Wnt,FBgn0010504,kermit,,
CG15110,Wingless signalling,Wnt,FBgn0027535,botv,,
CG16785,Wingless signalling,Wnt,FBgn0027343,fz3,Receptor,Receptor
CG7892,Wingless signalling,Wnt,FBgn0011817,nmo,,
CG34403,Wingless signalling,Wnt,FBgn0085432,pan,,
CG8881,Wingless signalling,Wnt,FBgn0026176,SkpB,,
CG11895,Wingless signalling,Wnt,FBgn0024836,stan,,
CG8914,Wingless signalling,Wnt,FBgn0026136,CkIIbeta2,,
CG18361,Wingless signalling,Wnt,FBgn0000499,dsh,,Effector
CG13076,Wingless signalling,Wnt,FBgn0044028,Notum,,
CG11064,Wingless signalling,Wnt,FBgn0087002,apolpp,,
CG15800,Wingless signalling,Wnt,FBgn0034904,CG15800,,
CG31003,Wingless signalling,Wnt,FBgn0046332,gskt,,
CG7926,Wingless signalling,Wnt,FBgn0026597,Axn,,
CG13591,Wingless signalling,Wnt,FBgn0015300,Ssl,,
CG33242,Wingless signalling,Wnt,FBgn0053242,Ste:CG33242,,
CG33239,Wingless signalling,Wnt,FBgn0053239,Ste:CG33239,,
CG33241,Wingless signalling,Wnt,FBgn0053241,Ste:CG33241,,
CG33236,Wingless signalling,Wnt,FBgn0053236,Ste:CG33236,,
CG33237,Wingless signalling,Wnt,FBgn0053237,Ste:CG33237,,
CG33240,Wingless signalling,Wnt,FBgn0053240,Ste:CG33240,,
CG33244,Wingless signalling,Wnt,FBgn0053244,Ste:CG33244,,
CG33245,Wingless signalling,Wnt,FBgn0053245,Ste:CG33245,,
CG33247,Wingless signalling,Wnt,FBgn0053247,Ste:CG33247,,
CG32616,Wingless signalling,Wnt,FBgn0044817,Ste12DOR,,
CG33243,Wingless signalling,Wnt,FBgn0053243,Ste:CG33243,,
CG33238,Wingless signalling,Wnt,FBgn0053238,Ste:CG33238,,
CG33246,Wingless signalling,Wnt,FBgn0053246,Ste:CG33246,,
CG42398,Wingless signalling,Wnt,FBgn0259817,SteXh:CG42398,,
CG1451,Wingless signalling,Wnt,FBgn0015589,Apc,,
CG2028,Wingless signalling,Wnt,FBgn0015024,CkIalpha,,
CG4003,Wingless signalling,Wnt,FBgn0040078,pont,,
CG18492,Wingless signalling,Wnt,FBgn0026323,Tak1,,
CG18803,Wingless signalling,Wnt,FBgn0284421,Psn,,
CG6117,Wingless signalling,Wnt,FBgn0000489,Pka-C3,,
CG3226,Wingless signalling,Wnt,FBgn0029882,CG3226,,
CG4063,Wingless signalling,Wnt,FBgn0263933,ebi,,
CG16988,Wingless signalling,Wnt,FBgn0040291,Roc1b,,
CG5588,Wingless signalling,Wnt,FBgn0039532,Mtl,,
CG4574,Wingless signalling,Wnt,FBgn0004611,Plc21C,,
CG3620,Wingless signalling,Wnt,FBgn0262738,norpA,,
CG1455,Wingless signalling,Wnt,FBgn0010015,CanA1,,
CG9842,Wingless signalling,Wnt,FBgn0011826,Pp2B-14D,,
CG4209,Wingless signalling,Wnt,FBgn0010014,CanB,,
CG6622,Wingless signalling,Wnt,FBgn0003091,Pkc53E,,
CG32146,Wingless signalling,Wnt,FBgn0041604,dlp,,
CG32045,Wingless signalling,Wnt,FBgn0016081,fry,,
CG18497,Wingless signalling,Wnt,FBgn0016977,spen,,
CG17697,Wingless signalling,Wnt,FBgn0001085,fz,Receptor,Receptor
CG13374,Wingless signalling,Wnt,FBgn0011822,Pgcl,,
CG10072,Wingless signalling,Wnt,FBgn0261445,sgl,,
CG9739,Wingless signalling,Wnt,FBgn0016797,fz2,Receptor,Receptor
CG8458,Wingless signalling,Wnt,FBgn0038134,wntD,Ligand,Ligand
CG8339,Wingless signalling,Wnt,FBgn0020251,sfl,,
CG6407,Wingless signalling,Wnt,FBgn0010194,Wnt5,,
CG6210,Wingless signalling,Wnt,FBgn0036141,wls,,
CG5680,Wingless signalling,Wnt,FBgn0000229,bsk,,
CG4974,Wingless signalling,Wnt,FBgn0263930,dally,,
CG4969,Wingless signalling,Wnt,FBgn0031902,Wnt6,Ligand,Ligand
CG4889,Wingless signalling,Wnt,FBgn0284084,wg,Ligand,Ligand
CG4626,Wingless signalling,Wnt,FBgn0027342,fz4,Receptor,Receptor
CG3929,Wingless signalling,Wnt,FBgn0000524,dx,,
CG3915,Wingless signalling,Wnt,FBgn0033791,Drl-2,,
CG3135,Wingless signalling,Wnt,FBgn0003390,shf,,
CG2621,Wingless signalling,Wnt,FBgn0003371,sgg,,
CG2041,Wingless signalling,Wnt,FBgn0039907,lgs,,
CG2028,Wingless signalling,Wnt,FBgn0015024,CkIalpha,,
CG1916,Wingless signalling,Wnt,FBgn0004360,Wnt2,Ligand,Ligand
CG12700,Wingless signalling,Wnt,FBgn0026174,SkpD,,
CG43772,Wingless signalling,Wnt,FBgn0264272,mwh,,
CG40635,Wingless signalling,Wnt,FBgn0085506,CG40635,,
CG3412,Wingless signalling,Wnt,FBgn0283468,slmb,,
CG9819,Wingless signalling,Wnt,FBgn0267912,CanA-14F,,
CG7583,Notch Signalling,Notch,FBgn0020496,CtBP,,
CG2863,Notch Signalling,Notch,FBgn0021874,Nle,,
CG2855,Notch Signalling,Notch,FBgn0031458,aph-1,,
CG8264,Notch Signalling,Notch,FBgn0004856,Bx42,,
CG8384,Notch Signalling,Notch,FBgn0001139,gro,,
CG3396,Notch Signalling,Notch,FBgn0040296,Ocho,,
CG15319,Notch Signalling,Notch,FBgn0261617,nej,,
CG6104,Notch Signalling,Notch,FBgn0002592,E(spl)m2-BFM,,
CG3936,Notch Signalling,Notch,FBgn0004647,N,Receptor,Receptor
CG1475,Notch Signalling,Notch,FBgn0037351,RpL13A,,
CG8328,Notch Signalling,Notch,FBgn0002734,E(spl)mδ-HLH,,
CG3497,Notch Signalling,Notch,FBgn0004837,Su(H),,
CG5460,Notch Signalling,Notch,FBgn0001169,H,,
CG8704,Notch Signalling,Notch,FBgn0010109,dpn,,
CG1107,Notch Signalling,Notch,FBgn0037218,aux,,
CG3779,Notch Signalling,Notch,FBgn0002973,numb,,Effector
CG3096,Notch Signalling,Notch,FBgn0000216,Brd,,
CG8118,Notch Signalling,Notch,FBgn0002643,mam,,Effector
CG4220,Notch Signalling,Notch,FBgn0004858,elB,,
CG6843,Notch Signalling,Notch,FBgn0036827,CG6843,,
CG6099,Notch Signalling,Notch,FBgn0002629,E(spl)m4-BFM,,
CG5185,Notch Signalling,Notch,FBgn0026320,Tom,,
CG7147,Notch Signalling,Notch,FBgn0259984,kuz,,
CG3619,Notch Signalling,Notch,FBgn0000463,Dl,Ligand,Ligand
CG8337,Notch Signalling,Notch,FBgn0002732,E(spl)mα-BFM,,
CG18361,Notch Signalling,Notch,FBgn0000499,dsh,,
CG6127,Notch Signalling,Notch,FBgn0004197,Ser,,
CG8354,Notch Signalling,Notch,FBgn0002632,E(spl)m6-BFM,,
CG10580,Notch Signalling,Notch,FBgn0011591,fng,,
CG7908,Notch Signalling,Notch,FBgn0039734,Tace,,
CG18803,Notch Signalling,Notch,FBgn0284421,Psn,,
CG33198,Notch Signalling,Notch,FBgn0053198,pen-2,,
CG4107,Notch Signalling,Notch,FBgn0020388,Gcn5,,
CG7471,Notch Signalling,Notch,FBgn0015805,HDAC1,,
CG1007,Notch Signalling,Notch,FBgn0000575,emc,,
CG8365,Notch Signalling,Notch,FBgn0000591,E(spl)m8-HLH,,
CG8346,Notch Signalling,Notch,FBgn0002609,E(spl)m3-HLH,,
CG8333,Notch Signalling,Notch,FBgn0002735,E(spl)mγ-HLH,,
CG7890,Notch Signalling,Notch,FBgn0031005,Hs3st-B,,
CG7012,Notch Signalling,Notch,FBgn0039234,Nct,,
CG5841,Notch Signalling,Notch,FBgn0263601,mib1,,
CG4722,Notch Signalling,Notch,FBgn0000180,bib,,
CG4244,Notch Signalling,Notch,FBgn0003557,Su(dx),,
CG4063,Notch Signalling,Notch,FBgn0263933,ebi,,
CG3929,Notch Signalling,Notch,FBgn0000524,dx,,
CG3443,Notch Signalling,Notch,FBgn0003048,pcx,,
CG2621,Notch Signalling,Notch,FBgn0003371,sgg,,
CG5102,Notch Signalling,Notch,FBgn0267821,da,,
CG16983,TGF B Signalling,TGF B,FBgn0025637,SkpA,,
CG12559,TGF B Signalling,TGF B,FBgn0003256,rl,,
CG7109,TGF B Signalling,TGF B,FBgn0004177,mts,,
CG2262,TGF B Signalling,TGF B,FBgn0025800,Smox,,
CG8416,TGF B Signalling,TGF B,FBgn0014020,Rho1,,
CG8433,TGF B Signalling,TGF B,FBgn0029175,sotv,,
CG16982,TGF B Signalling,TGF B,FBgn0025638,Roc1a,,
CG15319,TGF B Signalling,TGF B,FBgn0261617,nej,,
CG4114,TGF B Signalling,TGF B,FBgn0004583,ex,,
CG7413,TGF B Signalling,TGF B,FBgn0015799,Rbf,,
CG10117,TGF B Signalling,TGF B,FBgn0265974,ttv,,
CG11941,TGF B Signalling,TGF B,FBgn0026175,SkpC,,
CG5083,TGF B Signalling,TGF B,FBgn0038390,Rbf2,,
CG10798,TGF B Signalling,TGF B,FBgn0262656,Myc,,
CG11942,TGF B Signalling,TGF B,FBgn0031074,SkpE,,
CG12227,TGF B Signalling,TGF B,FBgn0034863,SkpF,,
CG7895,TGF B Signalling,TGF B,FBgn0004110,tin,,
CG9774,TGF B Signalling,TGF B,FBgn0026181,Rok,,
CG1775,TGF B Signalling,TGF B,FBgn0011655,Med,,Effector
CG17291,TGF B Signalling,TGF B,FBgn0260439,Pp2A-29B,,
CG1133,TGF B Signalling,TGF B,FBgn0003002,opa,,
CG1877,TGF B Signalling,TGF B,FBgn0015509,Cul1,,
CG4943,TGF B Signalling,TGF B,FBgn0029006,Smurf,,
CG15110,TGF B Signalling,TGF B,FBgn0027535,botv,,
CG42281,TGF B Signalling,TGF B,FBgn0259176,bun,,
CG7734,TGF B Signalling,TGF B,FBgn0003396,shn,,
CG8881,TGF B Signalling,TGF B,FBgn0026176,SkpB,,
CG14228,TGF B Signalling,TGF B,FBgn0086384,Mer,,
CG9224,TGF B Signalling,TGF B,FBgn0003463,sog,,
CG11062,TGF B Signalling,TGF B,FBgn0024913,Actbeta,,
CG15800,TGF B Signalling,TGF B,FBgn0034904,CG15800,,
CG14026,TGF B Signalling,TGF B,FBgn0003716,tkv,Receptor,Receptor
CG31695,TGF B Signalling,TGF B,FBgn0005590,scw,,
CG9885,TGF B Signalling,TGF B,FBgn0000490,dpp,Ligand,Ligand
CG5562,TGF B Signalling,TGF B,FBgn0024234,gbb,Ligand,Ligand
CG8224,TGF B Signalling,TGF B,FBgn0011300,babo,,
CG12399,TGF B Signalling,TGF B,FBgn0011648,Mad,,Effector
CG5201,TGF B Signalling,TGF B,FBgn0020493,Dad,,
CG15667,TGF B Signalling,TGF B,FBgn0026369,Sara,,
CG1007,TGF B Signalling,TGF B,FBgn0000575,emc,,
CG16988,TGF B Signalling,TGF B,FBgn0040291,Roc1b,,
CG10539,TGF B Signalling,TGF B,FBgn0283472,S6k,,
CG7904,TGF B Signalling,TGF B,FBgn0003169,put,Receptor,Receptor
CG1502,TGF B Signalling,TGF B,FBgn0003865,tsg,,
CG6868,TGF B Signalling,TGF B,FBgn0003719,tld,,
CG2328,TGF B Signalling,TGF B,FBgn0000606,eve,,
CG9653,TGF B Signalling,TGF B,FBgn0024250,brk,,
CG3578,TGF B Signalling,TGF B,FBgn0000179,bi,,
CG32146,TGF B Signalling,TGF B,FBgn0041604,dlp,,
CG4974,TGF B Signalling,TGF B,FBgn0263930,dally,,
CG1891,TGF B Signalling,TGF B,FBgn0003317,sax,Receptor,Receptor
CG12700,TGF B Signalling,TGF B,FBgn0026174,SkpD,,
CG7793,MAPK Signalling,MAPK,FBgn0001965,Sos,,
CG12559,MAPK Signalling,MAPK,FBgn0003256,rl,,
CG6033,MAPK Signalling,MAPK,FBgn0004638,drk,,
CG8285,MAPK Signalling,MAPK,FBgn0000206,boss,,
CG2275,MAPK Signalling,MAPK,FBgn0001291,Jra,,
CG4720,MAPK Signalling,MAPK,FBgn0014006,Ask1,,
CG17077,MAPK Signalling,MAPK,FBgn0003118,pnt,,
CG17610,MAPK Signalling,MAPK,FBgn0001137,grk,,
CG9375,MAPK Signalling,MAPK,FBgn0003205,Ras85D,,Effector
CG2845,MAPK Signalling,MAPK,FBgn0003079,Raf,,Effector
CG12244,MAPK Signalling,MAPK,FBgn0261524,lic,,
CG7717,MAPK Signalling,MAPK,FBgn0024329,Mekk1,,
CG6705,MAPK Signalling,MAPK,FBgn0003867,tsl,,
CG1389,MAPK Signalling,MAPK,FBgn0003733,tor,,
CG18085,MAPK Signalling,MAPK,FBgn0003366,sev,,
CG4353,MAPK Signalling,MAPK,FBgn0010303,hep,,
CG9768,MAPK Signalling,MAPK,FBgn0261434,hkb,,
CG10079,MAPK Signalling,MAPK,FBgn0003731,Egfr,,
CG3954,MAPK Signalling,MAPK,FBgn0000382,csw,,
CG6721,MAPK Signalling,MAPK,FBgn0004390,RasGAP1,,
CG1378,MAPK Signalling,MAPK,FBgn0003720,tll,,
CG42320,MAPK Signalling,MAPK,FBgn0265998,Doa,,
CG32179,MAPK Signalling,MAPK,FBgn0052179,Krn,,
CG15793,MAPK Signalling,MAPK,FBgn0010269,Dsor1,,
CG9491,MAPK Signalling,MAPK,FBgn0265778,PDZ-GEF,,
CG7393,MAPK Signalling,MAPK,FBgn0024846,p38b,,
CG5680,MAPK Signalling,MAPK,FBgn0000229,bsk,,
CG5475,MAPK Signalling,MAPK,FBgn0015765,p38a,,
CG3166,MAPK Signalling,MAPK,FBgn0000097,aop,,